37 Panmure-Ōtāhuhu,Total Party Votes,"MODKOVA, Antonia Krassimirova (ACT New Zealand)","COLLINS, Fa'anānā Efeso (Green Party)","SALESA, Jennifer (Labour Party)","RANDHAWA, Navtej Singh (National Party)","MOKARAKA, Karl (Vision New Zealand)","ROBB, James (Workers Now)",Informal Candidate Votes,Party Vote Only,Total %
ACT New Zealand,1100,45.73,4.27,5.18,41.45,0.45,0.45,1.00,1.45,100.00
Animal Justice Party ,50,2.00,24.00,42.00,22.00,2.00,6.00,0.00,2.00,100.00
Aotearoa Legalise Cannabis Party,133,3.76,33.08,34.59,15.04,2.26,1.50,3.76,6.02,100.00
DemocracyNZ,20,5.00,5.00,5.00,30.00,10.00,20.00,15.00,10.00,100.00
Freedoms NZ,222,1.80,9.01,12.61,5.86,59.91,2.70,2.70,5.41,100.00
Green Party,2601,0.62,69.74,23.72,1.88,0.04,0.31,0.81,2.88,100.00
Labour Party,16024,0.37,8.97,83.19,1.12,0.30,0.33,2.15,3.56,100.00
Leighton Baker Party,7,14.29,28.57,14.29,28.57,0.00,14.29,0.00,0.00,100.00
National Party,8074,6.13,4.04,5.88,78.04,0.42,0.61,2.85,2.03,100.00
New Conservatives,37,16.22,18.92,27.03,8.11,16.22,8.11,2.70,2.70,100.00
New Nation Party,13,7.69,0.00,0.00,61.54,23.08,0.00,7.69,0.00,100.00
New Zealand First Party,1001,8.99,15.18,34.67,22.38,5.59,5.49,5.79,1.90,100.00
New Zealand Loyal,124,12.10,16.13,15.32,8.87,25.00,9.68,9.68,3.23,100.00
NewZeal,187,2.67,26.74,23.53,17.65,20.32,2.67,3.21,3.21,100.00
Te Pāti Māori,410,0.98,47.56,34.15,1.22,3.66,1.95,1.22,9.27,100.00
The Opportunities Party (TOP),369,6.78,41.73,31.17,11.11,1.90,2.98,1.08,3.25,100.00
Women’s Rights Party,33,3.03,21.21,33.33,9.09,9.09,21.21,0.00,3.03,100.00
Informal Party Votes,318,1.57,7.55,29.87,6.92,0.31,0.94,48.74,4.09,100.00
Total Party Votes and Percentages,30723,4.03,14.04,49.99,24.05,1.26,0.76,2.81,3.07,100.00
