General,Total Party Votes,"ACT New Zealand","Alliance","Aotearoa Legalise Cannabis Party","Conservative Party","Democrats for Social Credit","Green Party","Labour Party","Libertarianz","Mana","Māori Party","National Party","New Zealand First Party","United Future",Independents & parties with no list candidates,Candidate Informals,Party Vote Only,Total % 
 ACT New Zealand,  23659, 20.22,  0.03,  0.20,  2.42,  0.13,  1.58,  6.93,  0.24,  0.07,  0.02, 63.36,  0.97,  0.93,  0.35,  1.64,  0.92,100.00 
Alliance,   1188,  2.61, 13.64,  0.51,  3.70,  1.09,  9.34, 35.19,  0.25,  0.93,  0.17, 17.76,  2.36,  1.60,  1.60,  7.58,  1.68,100.00 
Aotearoa Legalise Cannabis Party,  10161,  1.78,  0.08, 14.05,  2.25,  0.47, 22.04, 24.86,  0.47,  0.79,  0.08, 21.71,  2.12,  0.74,  1.41,  2.93,  4.22,100.00 
Conservative Party,  58648,  1.13,  0.08,  0.11, 40.12,  0.38,  2.39, 12.25,  0.12,  0.05,  0.02, 38.26,  1.04,  0.93,  0.34,  2.15,  0.63,100.00 
Democrats for Social Credit,   1685,  1.48,  0.30,  0.36,  5.70, 27.95,  7.77, 18.64,  0.36,  0.36,  0.00, 14.18,  3.09,  0.89,  2.14,  4.69, 12.11,100.00 
Green Party, 234031,  0.30,  0.08,  0.39,  0.82,  0.09, 34.48, 45.31,  0.06,  0.26,  0.04, 14.29,  0.63,  0.48,  0.27,  0.98,  1.53,100.00 
Labour Party, 562012,  0.25,  0.06,  0.19,  0.67,  0.05,  5.27, 83.16,  0.03,  0.20,  0.03,  4.18,  0.90,  0.31,  0.11,  2.59,  2.01,100.00 
Libertarianz,   1561,  9.22,  0.13,  2.37,  6.28,  1.09,  9.74, 13.20, 15.76,  0.64,  0.00, 24.66,  2.24,  1.22,  4.16,  6.73,  2.56,100.00 
Mana,   7345,  0.49,  0.65,  0.99,  1.25,  0.20, 16.54, 39.90,  0.11, 17.07,  0.39,  6.68,  2.38,  0.33,  0.97,  3.54,  8.48,100.00 
Māori Party,  11810,  0.73,  0.11,  0.54,  2.01,  0.15, 12.13, 27.87,  0.14,  1.91,  1.97, 37.68,  2.12,  1.26,  0.48,  2.81,  8.09,100.00 
National Party,1047551,  2.06,  0.03,  0.09,  1.38,  0.04,  2.21,  5.25,  0.04,  0.02,  0.01, 84.92,  0.31,  1.15,  0.09,  1.58,  0.83,100.00 
New Zealand First Party, 135325,  0.81,  0.12,  0.32,  4.36,  0.37,  5.85, 42.91,  0.14,  0.26,  0.07, 18.10, 20.72,  0.56,  0.40,  4.06,  0.97,100.00 
United Future,  13279,  1.46,  0.10,  0.19,  3.91,  0.32,  5.07, 18.47,  0.18,  0.09,  0.06, 50.44,  1.22, 14.87,  0.81,  2.06,  0.75,100.00 
Party Informals,  16981,  0.65,  0.12,  0.14,  1.60,  0.14,  2.24, 33.27,  0.04,  0.18,  0.04, 26.61,  2.17,  0.35,  0.24, 30.30,  1.93,100.00 
Total Party Votes and Percentages,2125236,  1.46,  0.06,  0.24,  2.43,  0.11,  7.03, 33.55,  0.07,  0.19,  0.04, 48.36,  1.88,  0.88,  0.17,  2.22,  1.32,100.00 
