Party,Total Party Votes,Non Split Candidate Votes,%,Split Candidate Votes,% 
 ACT New Zealand,23889,4784, 20.03,19105, 79.97
Alliance,1209,162, 13.40,1047, 86.60
Aotearoa Legalise Cannabis Party,11738,1706, 14.53,10032, 85.47
Conservative Party,59237,23530, 39.72,35707, 60.28
Democrats for Social Credit,1714,471, 27.48,1243, 72.52
Green Party,247372,83122, 33.60,164250, 66.40
Labour Party,614937,500986, 81.47,113951, 18.53
Libertarianz,1595,246, 15.42,1349, 84.58
Mana,24168,13744, 56.87,10424, 43.13
Māori Party,31982,15414, 48.20,16568, 51.80
National Party,1058636,889628, 84.04,169008, 15.96
New Zealand First Party,147544,28033, 19.00,119511, 81.00
United Future,13443,1975, 14.69,11468, 85.31
Informal Party Votes,19872,424,  2.13,19448, 97.87
Total Party Votes,2257336,1564225, 69.30,693111, 30.70
