,,post-redist,,,,,,,,,pre-redist,,,,,,
old_seat,new_seat,candidate_first_party,candidate_first_percent,candidate_second_party,candidate_second_percent,party_first_party,party_first_percent,party_second_party,party_second_percent,margin,candidate_first_party,candidate_first_percent,candidate_second_party,candidate_second_percent,margin,change_in_margin,change_in_winner
New Lynn,Waitākere,Labour Party,37.7%,National Party,36.8%,National Party,36.2%,Labour Party,27.9%,0.9%,National Party,39.9%,Labour Party,37.4%,2.5%,3.4%,1
Te Atatū,Henderson,National Party,40.6%,Labour Party,38.2%,National Party,40.4%,Labour Party,34.9%,2.4%,Labour Party,39.4%,National Party,39.0%,0.4%,2.7%,1
Wellington Central,Wellington North,Labour Party,32.0%,Green Party,31.6%,Green Party,34.2%,Labour Party,26.5%,0.5%,Green Party,40.8%,Labour Party,27.4%,13.4%,13.9%,1
Wigram,Wigram,National Party,45.3%,Labour Party,38.1%,National Party,40.5%,Labour Party,28.5%,7.2%,Labour Party,42.2%,National Party,39.0%,3.2%,10.4%,1
Auckland Central,Auckland Central,Green Party,43.2%,National Party,36.8%,National Party,34.0%,Green Party,24.7%,6.4%,Green Party,48.3%,National Party,36.9%,11.3%,4.9%,0
Banks Peninsula,Banks Peninsula,National Party,36.5%,Labour Party,35.7%,National Party,32.4%,Labour Party,27.0%,0.8%,National Party,36.5%,Labour Party,35.7%,0.8%,0.0%,0
Bay of Plenty,Mt Maunganui,National Party,50.7%,Labour Party,19.5%,National Party,47.3%,Labour Party,18.9%,31.2%,National Party,52.3%,Labour Party,17.7%,34.6%,3.4%,0
Botany,Botany,National Party,71.9%,Labour Party,18.0%,National Party,66.1%,Labour Party,15.7%,53.9%,National Party,67.8%,Labour Party,23.1%,44.7%,9.2%,0
Christchurch Central,Christchurch Central,Labour Party,41.9%,National Party,34.4%,National Party,31.1%,Labour Party,29.3%,7.5%,Labour Party,40.2%,National Party,35.4%,4.8%,2.7%,0
Christchurch East,Christchurch East,Labour Party,39.9%,National Party,32.6%,Labour Party,35.0%,National Party,28.7%,7.4%,Labour Party,39.6%,National Party,33.3%,6.3%,1.1%,0
Coromandel,Coromandel,National Party,54.3%,Labour Party,16.7%,National Party,43.7%,Labour Party,20.0%,37.5%,National Party,54.3%,Labour Party,16.7%,37.5%,0.0%,0
Dunedin,Dunedin,Labour Party,41.0%,National Party,21.9%,Labour Party,31.5%,Green Party,27.4%,19.1%,Labour Party,41.0%,National Party,21.9%,19.1%,0.0%,0
East Coast,East Cape,National Party,43.1%,Labour Party,35.0%,National Party,36.9%,Labour Party,29.9%,8.1%,National Party,43.1%,Labour Party,35.0%,8.1%,0.0%,0
East Coast Bays,East Coast Bays,National Party,71.6%,Labour Party,18.6%,National Party,57.9%,Labour Party,15.0%,53.1%,National Party,72.5%,Labour Party,19.2%,53.3%,0.2%,0
Epsom,Epsom,ACT New Zealand,41.8%,National Party,25.0%,National Party,51.1%,Labour Party,15.4%,16.9%,ACT New Zealand,44.8%,National Party,24.3%,20.5%,3.6%,0
Hamilton East,Hamilton East,National Party,48.4%,Labour Party,34.8%,National Party,44.2%,Labour Party,25.6%,13.7%,National Party,48.4%,Labour Party,34.8%,13.7%,0.0%,0
Hamilton West,Hamilton West,National Party,46.8%,Labour Party,29.6%,National Party,42.6%,Labour Party,27.3%,17.3%,National Party,46.8%,Labour Party,29.6%,17.3%,0.0%,0
Hauraki-Waikato,Hauraki-Waikato,Te Pāti Māori,53.5%,Labour Party,41.5%,Labour Party,47.6%,Te Pāti Māori,35.2%,12.0%,Te Pāti Māori,53.5%,Labour Party,41.5%,12.0%,0.0%,0
Hutt South,Hutt South,National Party,44.1%,Labour Party,41.6%,National Party,34.7%,Labour Party,32.4%,2.5%,National Party,44.7%,Labour Party,41.6%,3.1%,0.6%,0
Ikaroa-Rāwhiti,Ikaroa-Rāwhiti,Labour Party,53.7%,Te Pāti Māori,43.9%,Labour Party,57.3%,Te Pāti Māori,27.1%,9.8%,Labour Party,54.1%,Te Pāti Māori,42.8%,11.3%,1.5%,0
Ilam,Ilam,National Party,44.8%,The Opportunities Party (TOP),25.2%,National Party,44.1%,Labour Party,22.3%,19.7%,National Party,44.4%,The Opportunities Party (TOP),25.8%,18.6%,1.0%,0
Invercargill,Invercargill,National Party,56.9%,Labour Party,29.2%,National Party,43.9%,Labour Party,25.7%,27.6%,National Party,56.4%,Labour Party,29.7%,26.8%,0.9%,0
Kaikōura,Kaikōura,National Party,50.0%,Labour Party,22.5%,National Party,41.6%,Labour Party,21.0%,27.5%,National Party,50.0%,Labour Party,22.5%,27.5%,0.0%,0
Kaipara ki Mahurangi,Kaipara ki Mahurangi,National Party,58.4%,Labour Party,17.4%,National Party,48.6%,Labour Party,16.9%,41.0%,National Party,58.1%,Labour Party,18.1%,40.0%,1.0%,0
Kelston,Glendene,Labour Party,42.5%,National Party,35.0%,Labour Party,36.8%,National Party,34.8%,7.5%,Labour Party,44.4%,National Party,30.9%,13.6%,6.1%,0
Mana,Kenepuru,Labour Party,48.8%,National Party,32.6%,Labour Party,39.0%,National Party,30.8%,16.3%,Labour Party,49.1%,National Party,31.3%,17.8%,1.5%,0
Māngere,Māngere,Labour Party,61.2%,National Party,20.5%,Labour Party,63.4%,National Party,20.6%,40.7%,Labour Party,61.3%,National Party,19.8%,41.5%,0.8%,0
Manurewa,Manurewa,Labour Party,57.5%,National Party,33.1%,Labour Party,55.2%,National Party,32.1%,24.4%,Labour Party,58.1%,National Party,32.7%,25.4%,1.0%,0
Maungakiekie,Maungakiekie,National Party,47.0%,Labour Party,35.5%,National Party,42.5%,Labour Party,28.7%,11.5%,National Party,48.4%,Labour Party,35.2%,13.2%,1.7%,0
Mt Albert,Mt Albert,Labour Party,37.2%,National Party,33.5%,National Party,32.9%,Labour Party,29.3%,3.7%,Labour Party,34.1%,National Party,34.1%,0.0%,3.7%,0
Mt Roskill,Mt Roskill,National Party,46.6%,Labour Party,37.4%,National Party,46.5%,Labour Party,29.4%,9.2%,National Party,44.3%,Labour Party,39.9%,4.4%,4.7%,0
Napier,Napier,National Party,54.3%,Labour Party,30.5%,National Party,42.2%,Labour Party,26.3%,23.8%,National Party,53.5%,Labour Party,31.2%,22.3%,1.5%,0
Nelson,Nelson,Labour Party,41.7%,National Party,41.7%,National Party,33.0%,Labour Party,29.8%,0.1%,Labour Party,41.7%,National Party,41.7%,0.1%,0.0%,0
New Plymouth,New Plymouth,National Party,52.9%,Labour Party,36.5%,National Party,42.9%,Labour Party,24.6%,16.5%,National Party,52.9%,Labour Party,36.5%,16.5%,0.0%,0
North Shore,North Shore,National Party,61.6%,Labour Party,21.3%,National Party,52.4%,Labour Party,18.0%,40.3%,National Party,61.6%,Labour Party,21.2%,40.4%,0.1%,0
Northcote,Northcote,National Party,54.3%,Labour Party,30.7%,National Party,44.9%,Labour Party,24.0%,23.7%,National Party,54.9%,Labour Party,30.5%,24.5%,0.8%,0
Northland,Northland,National Party,35.2%,Labour Party,22.7%,National Party,35.8%,Labour Party,22.9%,12.4%,National Party,35.9%,Labour Party,22.5%,13.4%,1.0%,0
Ōtaki,Kapiti,National Party,45.9%,Labour Party,37.0%,National Party,36.8%,Labour Party,29.2%,9.0%,National Party,51.0%,Labour Party,36.5%,14.4%,5.5%,0
Pakuranga,Pakuranga,National Party,72.6%,Labour Party,19.9%,National Party,59.5%,Labour Party,16.2%,52.7%,National Party,72.5%,Labour Party,20.5%,51.9%,0.7%,0
Palmerston North,Palmerston North,Labour Party,40.6%,National Party,37.1%,National Party,36.3%,Labour Party,30.3%,3.5%,Labour Party,43.8%,National Party,35.0%,8.8%,5.3%,0
Panmure-Ōtāhuhu,Ōtāhuhu,Labour Party,55.7%,National Party,27.1%,Labour Party,57.6%,National Party,27.8%,28.6%,Labour Party,53.1%,National Party,25.5%,27.6%,1.0%,0
Papakura,Papakura,National Party,57.7%,Labour Party,27.3%,National Party,53.0%,Labour Party,23.4%,30.4%,National Party,58.7%,Labour Party,25.8%,32.9%,2.5%,0
Port Waikato,Port Waikato,National Party,50.2%,Labour Party,18.7%,National Party,50.2%,Labour Party,18.7%,31.5%,National Party,50.2%,Labour Party,18.7%,31.5%,0.0%,0
Rangitata,Rangitata,National Party,57.0%,Labour Party,29.9%,National Party,45.4%,Labour Party,26.6%,27.1%,National Party,57.0%,Labour Party,29.9%,27.1%,0.0%,0
Rangitīkei,Rangitīkei,National Party,48.7%,Labour Party,28.7%,National Party,41.2%,Labour Party,26.8%,20.0%,National Party,47.0%,Labour Party,22.7%,24.3%,4.3%,0
Remutaka,Remutaka,Labour Party,53.8%,National Party,33.2%,Labour Party,38.7%,National Party,31.0%,20.5%,Labour Party,54.2%,National Party,32.7%,21.5%,1.0%,0
Rongotai,Wellington Bays,Green Party,40.6%,Labour Party,32.0%,Green Party,34.2%,Labour Party,30.5%,8.6%,Green Party,39.5%,Labour Party,33.0%,6.5%,2.1%,0
Rotorua,Rotorua,National Party,54.1%,Labour Party,28.0%,National Party,43.4%,Labour Party,24.2%,26.1%,National Party,54.0%,Labour Party,29.1%,24.9%,1.2%,0
Selwyn,Selwyn,National Party,66.4%,Labour Party,24.3%,National Party,50.2%,Labour Party,18.2%,42.0%,National Party,66.2%,Labour Party,24.6%,41.6%,0.4%,0
Southland,Southland,National Party,59.2%,Labour Party,15.7%,National Party,48.9%,Labour Party,17.0%,43.5%,National Party,59.6%,Labour Party,15.4%,44.1%,0.6%,0
Taieri,Taieri,Labour Party,39.9%,National Party,36.4%,Labour Party,34.9%,National Party,34.2%,3.5%,Labour Party,39.9%,National Party,36.4%,3.5%,0.0%,0
Takanini,Takanini,National Party,58.3%,Labour Party,34.2%,National Party,55.1%,Labour Party,29.0%,24.1%,National Party,57.9%,Labour Party,34.8%,23.2%,0.9%,0
Tāmaki,Tāmaki,ACT New Zealand,42.0%,National Party,32.9%,National Party,52.3%,Labour Party,18.7%,9.1%,ACT New Zealand,43.6%,National Party,33.5%,10.2%,1.1%,0
Tāmaki Makaurau,Tāmaki Makaurau,Te Pāti Māori,40.1%,Labour Party,39.9%,Labour Party,46.1%,Te Pāti Māori,32.0%,0.2%,Te Pāti Māori,40.1%,Labour Party,39.9%,0.2%,0.0%,0
Taranaki-King Country,Taranaki-King Country,National Party,61.7%,Labour Party,26.6%,National Party,48.1%,Labour Party,18.4%,35.1%,National Party,62.7%,Labour Party,26.3%,36.3%,1.2%,0
Taupō,Taupō,National Party,57.8%,Labour Party,19.4%,National Party,46.4%,Labour Party,22.5%,38.4%,National Party,57.8%,Labour Party,19.4%,38.4%,0.0%,0
Tauranga,Tauranga,National Party,47.8%,Labour Party,21.8%,National Party,47.9%,Labour Party,17.8%,26.0%,National Party,46.4%,Labour Party,23.5%,22.9%,3.1%,0
Te Tai Hauāuru,Te Tai Hauāuru,Te Pāti Māori,63.8%,Labour Party,27.9%,Labour Party,43.6%,Te Pāti Māori,37.3%,35.9%,Te Pāti Māori,63.8%,Labour Party,27.9%,35.9%,0.0%,0
Te Tai Tokerau,Te Tai Tokerau,Te Pāti Māori,38.8%,Labour Party,36.9%,Labour Party,47.1%,Te Pāti Māori,28.6%,1.9%,Te Pāti Māori,38.8%,Labour Party,36.9%,1.9%,0.0%,0
Te Tai Tonga,Te Tai Tonga,Te Pāti Māori,47.5%,Labour Party,37.4%,Labour Party,39.3%,Te Pāti Māori,23.5%,10.1%,Te Pāti Māori,48.4%,Labour Party,37.8%,10.7%,0.6%,0
Tukituki,Tukituki,National Party,53.4%,Labour Party,29.9%,National Party,41.8%,Labour Party,26.6%,23.5%,National Party,54.2%,Labour Party,29.2%,24.9%,1.5%,0
Upper Harbour,Upper Harbour,National Party,58.9%,Labour Party,21.9%,National Party,54.6%,Labour Party,19.3%,37.0%,National Party,53.5%,Labour Party,25.6%,27.9%,9.1%,0
Waiariki,Waiariki,Te Pāti Māori,76.3%,Labour Party,19.9%,Labour Party,45.8%,Te Pāti Māori,40.1%,56.4%,Te Pāti Māori,76.3%,Labour Party,19.9%,56.4%,0.0%,0
Waikato,Waikato,National Party,65.5%,Labour Party,21.2%,National Party,51.9%,Labour Party,18.2%,44.3%,National Party,65.5%,Labour Party,21.2%,44.3%,0.0%,0
Waimakariri,Waimakariri,National Party,58.3%,Labour Party,30.0%,National Party,43.4%,Labour Party,24.6%,28.3%,National Party,58.3%,Labour Party,30.0%,28.3%,0.0%,0
Wairarapa,Wairarapa,National Party,45.8%,Labour Party,39.2%,National Party,39.1%,Labour Party,27.8%,6.6%,National Party,46.1%,Labour Party,39.7%,6.4%,0.2%,0
Waitaki,Waitaki,National Party,51.8%,Labour Party,24.0%,National Party,44.0%,Labour Party,21.9%,27.8%,National Party,51.8%,Labour Party,24.0%,27.8%,0.0%,0
West Coast-Tasman,West Coast-Tasman,National Party,32.0%,Labour Party,29.6%,National Party,33.8%,Labour Party,24.0%,2.4%,National Party,32.0%,Labour Party,29.6%,2.4%,0.0%,0
Whanganui,Whanganui,National Party,47.8%,Labour Party,32.5%,National Party,38.0%,Labour Party,27.8%,15.3%,National Party,47.7%,Labour Party,33.5%,14.2%,1.0%,0
Whangaparāoa,Whangaparāoa,National Party,66.6%,Labour Party,16.1%,National Party,54.2%,Labour Party,15.8%,50.5%,National Party,66.5%,Labour Party,15.9%,50.5%,0.1%,0
Whangārei,Whangārei,National Party,49.2%,Labour Party,21.8%,National Party,38.8%,Labour Party,22.3%,27.4%,National Party,48.8%,Labour Party,22.0%,26.7%,0.7%,0
Ōhāriu,Abolished,,,,,,,,,,Labour Party,41.5%,National Party,38.5%,3.0%,3.0%,