occurrence_id	electorate_id	displayed_name	affiliation	ballot_group	status	link_tier	strict_link	S_status	R_status	source_ids
nz-general-2026-boundary-001-candidate-49768477809fa2b8	nz-general-2026-boundary-001	Chlöe Swarbrick	greenparty	greenparty	party_announced	accepted_algorithmic_same_person	False	neutral_fallback	neutral_fallback	stage40-2026-green-candidates
nz-general-2026-boundary-001-candidate-6887936d95dd2738	nz-general-2026-boundary-001	Antonia Modkova	actnewzealand	actnewzealand	party_announced	accepted_algorithmic_same_person	False	neutral_fallback	neutral_fallback	stage40-2026-act-people
nz-general-2026-boundary-001-candidate-b92a15121207d779	nz-general-2026-boundary-001	Candace Kinser	nationalparty	nationalparty	party_announced	unresolved_ambiguous	False	neutral_fallback	neutral_fallback	stage40-2026-national-team
nz-general-2026-boundary-001-candidate-feb4cef38fefdb34	nz-general-2026-boundary-001	Johan Chang	opportunity	opportunity	party_announced	unresolved_ambiguous	False	neutral_fallback	neutral_fallback	stage40-2026-opportunity-team
nz-general-2026-boundary-002-candidate-a6d860992d397be0	nz-general-2026-boundary-002	Zac Wellman	actnewzealand	actnewzealand	party_announced	unresolved_ambiguous	False	supported	neutral_fallback	stage40-2026-act-people
nz-general-2026-boundary-002-candidate-ed4408bf8e824745	nz-general-2026-boundary-002	Craig Pauling	greenparty	greenparty	party_announced	unresolved_ambiguous	False	supported	neutral_fallback	stage40-2026-green-candidates
nz-general-2026-boundary-003-candidate-36c5418f7c771e97	nz-general-2026-boundary-003	Craig Stobo	newzealandfirstparty	newzealandfirstparty	party_announced	unresolved_ambiguous	False	neutral_fallback	neutral_fallback	stage40-2026-nzfirst-team
nz-general-2026-boundary-003-candidate-9b012490b80d8e80	nz-general-2026-boundary-003	Ali Dahche	actnewzealand	actnewzealand	party_announced	unresolved_ambiguous	False	neutral_fallback	neutral_fallback	stage40-2026-act-people
nz-general-2026-boundary-004-candidate-1c5c7cbff5268726	nz-general-2026-boundary-004	Mark Arneil	newzealandfirstparty	newzealandfirstparty	party_announced	accepted_algorithmic_same_person	False	neutral_fallback	neutral_fallback	stage40-2026-nzfirst-team
nz-general-2026-boundary-004-candidate-3c0880e39baeca38	nz-general-2026-boundary-004	Dale Stephens	nationalparty	nationalparty	party_announced	accepted_algorithmic_same_person	False	neutral_fallback	neutral_fallback	stage40-2026-national-team
nz-general-2026-boundary-004-candidate-464ee5284f6ad842	nz-general-2026-boundary-004	Eden Skipper	opportunity	opportunity	party_announced	unresolved_ambiguous	False	neutral_fallback	neutral_fallback	stage40-2026-opportunity-team
nz-general-2026-boundary-004-candidate-75149f73413d4987	nz-general-2026-boundary-004	Kahu Carter	greenparty	greenparty	party_announced	unresolved_ambiguous	False	neutral_fallback	neutral_fallback	stage40-2026-green-candidates
nz-general-2026-boundary-005-candidate-60ad0f156eb20fcf	nz-general-2026-boundary-005	Teresa Butler	greenparty	greenparty	party_announced	unresolved_ambiguous	False	neutral_fallback	neutral_fallback	stage40-2026-green-candidates
nz-general-2026-boundary-005-candidate-8dd344f33591f0fb	nz-general-2026-boundary-005	Alexandra Davids	nationalparty	nationalparty	party_announced	unresolved_ambiguous	False	neutral_fallback	neutral_fallback	stage40-2026-national-team
nz-general-2026-boundary-005-candidate-97150ca9e8ae950d	nz-general-2026-boundary-005	Toni Severin	actnewzealand	actnewzealand	party_announced	accepted_algorithmic_same_person	True	neutral_fallback	neutral_fallback	stage40-2026-act-people
nz-general-2026-boundary-005-candidate-af0fab828ca92bb9	nz-general-2026-boundary-005	Shane Wiremu	newzealandfirstparty	newzealandfirstparty	party_announced	accepted_algorithmic_same_person	True	neutral_fallback	neutral_fallback	stage40-2026-nzfirst-team
nz-general-2026-boundary-006-candidate-88fde87e4abf43fb	nz-general-2026-boundary-006	Pamela Grealey	greenparty	greenparty	party_announced	accepted_algorithmic_same_person	True	supported	supported	stage40-2026-green-candidates
nz-general-2026-boundary-006-candidate-e8aab05ee4b29a8a	nz-general-2026-boundary-006	Vincent Andersen	newzealandfirstparty	newzealandfirstparty	party_announced	unresolved_ambiguous	False	supported	neutral_fallback	stage40-2026-nzfirst-team
nz-general-2026-boundary-007-candidate-34963f9ebf338dbe	nz-general-2026-boundary-007	Kym McDonald-King	newzealandfirstparty	newzealandfirstparty	party_announced	unresolved_ambiguous	False	supported	neutral_fallback	stage40-2026-nzfirst-team
nz-general-2026-boundary-007-candidate-527f104b1128ed61	nz-general-2026-boundary-007	Francisco Hernandez	greenparty	greenparty	party_announced	accepted_algorithmic_same_person	False	supported	supported	stage40-2026-green-candidates
nz-general-2026-boundary-007-candidate-9194dab49efc9706	nz-general-2026-boundary-007	Dave Bainbridge-Zafar	opportunity	opportunity	party_announced	unresolved_ambiguous	False	supported	neutral_fallback	stage40-2026-opportunity-team
nz-general-2026-boundary-007-candidate-9620d9d2f087c95a	nz-general-2026-boundary-007	Kristine Asuncion	nationalparty	nationalparty	party_announced	unresolved_ambiguous	False	supported	neutral_fallback	stage40-2026-national-team
nz-general-2026-boundary-008-candidate-b77b1af6401c3455	nz-general-2026-boundary-008	Darrin Hawkes	actnewzealand	actnewzealand	party_announced	unresolved_ambiguous	False	neutral_fallback	neutral_fallback	stage40-2026-act-people
nz-general-2026-boundary-008-candidate-c3c7ca8425bfc66a	nz-general-2026-boundary-008	Jordan Walker	greenparty	greenparty	party_announced	accepted_algorithmic_same_person	True	neutral_fallback	neutral_fallback	stage40-2026-green-candidates
nz-general-2026-boundary-008-candidate-ea8ec04bacc190bd	nz-general-2026-boundary-008	Cail Smith	opportunity	opportunity	party_announced	unresolved_ambiguous	False	neutral_fallback	neutral_fallback	stage40-2026-opportunity-team
nz-general-2026-boundary-009-candidate-2151e80cb00c01eb	nz-general-2026-boundary-009	Sam Mills	actnewzealand	actnewzealand	party_announced	unresolved_ambiguous	False	neutral_fallback	neutral_fallback	stage40-2026-act-people
nz-general-2026-boundary-009-candidate-5578f91d564bab63	nz-general-2026-boundary-009	Vaughan Taylor	newzealandfirstparty	newzealandfirstparty	party_announced	unresolved_ambiguous	False	neutral_fallback	neutral_fallback	stage40-2026-nzfirst-team
nz-general-2026-boundary-009-candidate-8236124cf5e2bd3f	nz-general-2026-boundary-009	Abe McKee	greenparty	greenparty	party_announced	unresolved_ambiguous	False	neutral_fallback	neutral_fallback	stage40-2026-green-candidates
nz-general-2026-boundary-010-candidate-13fbf864ed43733e	nz-general-2026-boundary-010	Paul Jackson	opportunity	opportunity	party_announced	unresolved_ambiguous	False	neutral_fallback	neutral_fallback	stage40-2026-opportunity-team
nz-general-2026-boundary-010-candidate-14ec2cf89aaaf19e	nz-general-2026-boundary-010	Lawrence Xu-Nan	greenparty	greenparty	party_announced	accepted_algorithmic_same_person	False	neutral_fallback	neutral_fallback	stage40-2026-green-candidates
nz-general-2026-boundary-010-candidate-cd5a2c02d4f89d6d	nz-general-2026-boundary-010	Martin Gummer	newzealandfirstparty	newzealandfirstparty	party_announced	unresolved_ambiguous	False	neutral_fallback	neutral_fallback	stage40-2026-nzfirst-team
nz-general-2026-boundary-011-candidate-12bc8c1cedeec27b	nz-general-2026-boundary-011	Hon Alfred Ngaro	newzealandfirstparty	newzealandfirstparty	party_announced	unresolved_ambiguous	False	neutral_fallback	neutral_fallback	stage40-2026-nzfirst-team
nz-general-2026-boundary-011-candidate-2dc6f0f223c83908	nz-general-2026-boundary-011	Evan French	opportunity	opportunity	party_announced	unresolved_ambiguous	False	neutral_fallback	neutral_fallback	stage40-2026-opportunity-team
nz-general-2026-boundary-011-candidate-3c9ac5c1e0ed9d06	nz-general-2026-boundary-011	Sunil Kumar	nationalparty	nationalparty	party_announced	unresolved_ambiguous	False	neutral_fallback	neutral_fallback	stage40-2026-national-team
nz-general-2026-boundary-011-candidate-a7b708e8ebbb6e21	nz-general-2026-boundary-011	Yasmine Serhan	greenparty	greenparty	party_announced	unresolved_ambiguous	False	neutral_fallback	neutral_fallback	stage40-2026-green-candidates
nz-general-2026-boundary-011-candidate-df72b17cadce7eb2	nz-general-2026-boundary-011	Amanda Roberts	actnewzealand	actnewzealand	party_announced	unresolved_ambiguous	False	neutral_fallback	neutral_fallback	stage40-2026-act-people
nz-general-2026-boundary-012-candidate-46fcee5e39f37920	nz-general-2026-boundary-012	Naomi Pocock	opportunity	opportunity	party_announced	accepted_algorithmic_same_person	False	supported	neutral_fallback	stage40-2026-opportunity-team
nz-general-2026-boundary-012-candidate-c13bb6e626330bb3	nz-general-2026-boundary-012	Nicola Laboyrie	newzealandfirstparty	newzealandfirstparty	party_announced	unresolved_ambiguous	False	supported	neutral_fallback	stage40-2026-nzfirst-team
nz-general-2026-boundary-013-candidate-4a2384d409968bd9	nz-general-2026-boundary-013	Louise Hutt	greenparty	greenparty	party_announced	unresolved_ambiguous	False	supported	neutral_fallback	stage40-2026-green-candidates
nz-general-2026-boundary-013-candidate-607cc44ea54fedd0	nz-general-2026-boundary-013	Blair Smith	opportunity	opportunity	party_announced	unresolved_ambiguous	False	supported	neutral_fallback	stage40-2026-opportunity-team
nz-general-2026-boundary-013-candidate-6b2dc01749216bef	nz-general-2026-boundary-013	Kevin Stone	newzealandfirstparty	newzealandfirstparty	party_announced	accepted_algorithmic_same_person	True	supported	supported	stage40-2026-nzfirst-team
nz-general-2026-boundary-014-candidate-6014a8bf2419233f	nz-general-2026-boundary-014	Angee Nicholas	nationalparty	nationalparty	party_announced	accepted_algorithmic_same_person	True	neutral_fallback	neutral_fallback	stage40-2026-national-team
nz-general-2026-boundary-014-candidate-878d8c61ff733801	nz-general-2026-boundary-014	Alika Wells	greenparty	greenparty	party_announced	unresolved_ambiguous	False	neutral_fallback	neutral_fallback	stage40-2026-green-candidates
nz-general-2026-boundary-014-candidate-c2ec8bdc3628c942	nz-general-2026-boundary-014	Nick Peirce	actnewzealand	actnewzealand	party_announced	unresolved_ambiguous	False	neutral_fallback	neutral_fallback	stage40-2026-act-people
nz-general-2026-boundary-014-candidate-ed18a4a7ddb8d2f1	nz-general-2026-boundary-014	Almo Wong	opportunity	opportunity	party_announced	unresolved_ambiguous	False	neutral_fallback	neutral_fallback	stage40-2026-opportunity-team
nz-general-2026-boundary-015-candidate-3103cd06fcf9f672	nz-general-2026-boundary-015	Courtney White	greenparty	greenparty	party_announced	unresolved_ambiguous	False	neutral_fallback	neutral_fallback	stage40-2026-green-candidates
nz-general-2026-boundary-015-candidate-9f11f4e07409ec68	nz-general-2026-boundary-015	Ben Wylie-van-Eerd	opportunity	opportunity	party_announced	unresolved_ambiguous	False	neutral_fallback	neutral_fallback	stage40-2026-opportunity-team
nz-general-2026-boundary-015-candidate-e231a688f53523d4	nz-general-2026-boundary-015	Alistair Boyce	newzealandfirstparty	newzealandfirstparty	party_announced	unresolved_ambiguous	False	neutral_fallback	neutral_fallback	stage40-2026-nzfirst-team
nz-general-2026-boundary-016-candidate-18218869b7ec5d58	nz-general-2026-boundary-016	Nathan Walton	newzealandfirstparty	newzealandfirstparty	party_announced	unresolved_ambiguous	False	neutral_fallback	neutral_fallback	stage40-2026-nzfirst-team
nz-general-2026-boundary-016-candidate-40b09c32727536c3	nz-general-2026-boundary-016	Ken Harpur	actnewzealand	actnewzealand	party_announced	unresolved_ambiguous	False	neutral_fallback	neutral_fallback	stage40-2026-act-people
nz-general-2026-boundary-016-candidate-6ac75d77505806f3	nz-general-2026-boundary-016	Mike Davidson	greenparty	greenparty	party_announced	accepted_algorithmic_same_person	False	neutral_fallback	neutral_fallback	stage40-2026-green-candidates
nz-general-2026-boundary-017-candidate-7fe9b5d506f4f4cd	nz-general-2026-boundary-017	Dave Kennedy	greenparty	greenparty	party_announced	accepted_algorithmic_same_person	False	neutral_fallback	neutral_fallback	stage40-2026-green-candidates
nz-general-2026-boundary-018-candidate-bd3f1629c9635422	nz-general-2026-boundary-018	Tom Spooner	actnewzealand	actnewzealand	party_announced	unresolved_ambiguous	False	supported	neutral_fallback	stage40-2026-act-people
nz-general-2026-boundary-019-candidate-2a523eed51895259	nz-general-2026-boundary-019	Daniel Eb	opportunity	opportunity	party_announced	unresolved_ambiguous	False	neutral_fallback	neutral_fallback	stage40-2026-opportunity-team
nz-general-2026-boundary-019-candidate-9f6d49c11195546c	nz-general-2026-boundary-019	Zephyr Brown	greenparty	greenparty	party_announced	unresolved_ambiguous	False	neutral_fallback	neutral_fallback	stage40-2026-green-candidates
nz-general-2026-boundary-019-candidate-a60339c39cdec31f	nz-general-2026-boundary-019	Simon Court	actnewzealand	actnewzealand	party_announced	accepted_algorithmic_same_person	False	neutral_fallback	neutral_fallback	stage40-2026-act-people
nz-general-2026-boundary-019-candidate-fa1b16e70dc82a0e	nz-general-2026-boundary-019	Jessica Rowe	nationalparty	nationalparty	party_announced	unresolved_ambiguous	False	neutral_fallback	neutral_fallback	stage40-2026-national-team
nz-general-2026-boundary-020-candidate-4eab8580c6474d7f	nz-general-2026-boundary-020	Melody Willis	greenparty	greenparty	party_announced	unresolved_ambiguous	False	neutral_fallback	neutral_fallback	stage40-2026-green-candidates
nz-general-2026-boundary-020-candidate-93c919c1f39fa0ac	nz-general-2026-boundary-020	Chee-Khiang (CK) Sng	opportunity	opportunity	party_announced	unresolved_ambiguous	False	neutral_fallback	neutral_fallback	stage40-2026-opportunity-team
nz-general-2026-boundary-020-candidate-c027988dd8a1d5bb	nz-general-2026-boundary-020	Penny Gaylor	newzealandfirstparty	newzealandfirstparty	party_announced	unresolved_ambiguous	False	neutral_fallback	neutral_fallback	stage40-2026-nzfirst-team
nz-general-2026-boundary-021-candidate-3ff5b7c4f711c904	nz-general-2026-boundary-021	Matthew Evetts	nationalparty	nationalparty	party_announced	unresolved_ambiguous	False	neutral_fallback	neutral_fallback	stage40-2026-national-team
nz-general-2026-boundary-021-candidate-69a37be6a170833c	nz-general-2026-boundary-021	Lan Pham	greenparty	greenparty	party_announced	unresolved_ambiguous	False	neutral_fallback	neutral_fallback	stage40-2026-green-candidates
nz-general-2026-boundary-021-candidate-6e72af9d5dee6bda	nz-general-2026-boundary-021	Robert Mason	opportunity	opportunity	party_announced	unresolved_ambiguous	False	neutral_fallback	neutral_fallback	stage40-2026-opportunity-team
nz-general-2026-boundary-021-candidate-8bffcefa793d76a1	nz-general-2026-boundary-021	Jon Blackshaw	newzealandfirstparty	newzealandfirstparty	party_announced	unresolved_ambiguous	False	neutral_fallback	neutral_fallback	stage40-2026-nzfirst-team
nz-general-2026-boundary-022-candidate-14130e122b9ef70f	nz-general-2026-boundary-022	Vicky Hau	newzealandfirstparty	newzealandfirstparty	party_announced	unresolved_ambiguous	False	neutral_fallback	neutral_fallback	stage40-2026-nzfirst-team
nz-general-2026-boundary-022-candidate-1994ba4d70ed3226	nz-general-2026-boundary-022	Manu Singh	actnewzealand	actnewzealand	party_announced	unresolved_ambiguous	False	neutral_fallback	neutral_fallback	stage40-2026-act-people
nz-general-2026-boundary-022-candidate-4726cd70879d1398	nz-general-2026-boundary-022	Rosemary Bourke	nationalparty	nationalparty	party_announced	accepted_algorithmic_same_person	False	neutral_fallback	neutral_fallback	stage40-2026-national-team
nz-general-2026-boundary-022-candidate-66ab95afa822d2f1	nz-general-2026-boundary-022	Michel Mulipola	greenparty	greenparty	party_announced	unresolved_ambiguous	False	neutral_fallback	neutral_fallback	stage40-2026-green-candidates
nz-general-2026-boundary-022-candidate-968a1e176b8a0f51	nz-general-2026-boundary-022	Ben Lane	opportunity	opportunity	party_announced	unresolved_ambiguous	False	neutral_fallback	neutral_fallback	stage40-2026-opportunity-team
nz-general-2026-boundary-023-candidate-1bc8a03fea78d568	nz-general-2026-boundary-023	Ghouse Majeed	nationalparty	nationalparty	party_announced	unresolved_ambiguous	False	neutral_fallback	neutral_fallback	stage40-2026-national-team
nz-general-2026-boundary-023-candidate-6fe6b315c67d76f5	nz-general-2026-boundary-023	Esther Tofilau-Tevaga	newzealandfirstparty	newzealandfirstparty	party_announced	unresolved_ambiguous	False	neutral_fallback	neutral_fallback	stage40-2026-nzfirst-team
nz-general-2026-boundary-024-candidate-2305a95714b899eb	nz-general-2026-boundary-024	Adam Powell	greenparty	greenparty	party_announced	unresolved_ambiguous	False	neutral_fallback	neutral_fallback	stage40-2026-green-candidates
nz-general-2026-boundary-024-candidate-25cbd7a553cb15f2	nz-general-2026-boundary-024	Juan Alvarez De Lugo	actnewzealand	actnewzealand	party_announced	unresolved_ambiguous	False	neutral_fallback	neutral_fallback	stage40-2026-act-people
nz-general-2026-boundary-024-candidate-4c3c668b448902cb	nz-general-2026-boundary-024	Keegan Langeveld	newzealandfirstparty	newzealandfirstparty	party_announced	accepted_algorithmic_same_person	False	neutral_fallback	neutral_fallback	stage40-2026-nzfirst-team
nz-general-2026-boundary-024-candidate-a56d8ce9200aa873	nz-general-2026-boundary-024	Derrick Paull	opportunity	opportunity	party_announced	unresolved_ambiguous	False	neutral_fallback	neutral_fallback	stage40-2026-opportunity-team
nz-general-2026-boundary-025-candidate-53e7094a1fdbf8e0	nz-general-2026-boundary-025	Qiulae (Q) Wong	opportunity	opportunity	party_announced	unresolved_ambiguous	False	neutral_fallback	neutral_fallback	stage40-2026-opportunity-team
nz-general-2026-boundary-025-candidate-d72bc1b8375eb949	nz-general-2026-boundary-025	Alex Price	actnewzealand	actnewzealand	party_announced	unresolved_ambiguous	False	neutral_fallback	neutral_fallback	stage40-2026-act-people
nz-general-2026-boundary-025-candidate-d9c755bfd8618652	nz-general-2026-boundary-025	Ricardo Menéndez March	greenparty	greenparty	party_announced	unresolved_ambiguous	False	neutral_fallback	neutral_fallback	stage40-2026-green-candidates
nz-general-2026-boundary-025-candidate-dd58f12784ff8ff7	nz-general-2026-boundary-025	Sheldon Eden-Whaitiri	newzealandfirstparty	newzealandfirstparty	party_announced	unresolved_ambiguous	False	neutral_fallback	neutral_fallback	stage40-2026-nzfirst-team
nz-general-2026-boundary-026-candidate-1edc9bd4b9b6d339	nz-general-2026-boundary-026	Pualele Westhead	greenparty	greenparty	party_announced	unresolved_ambiguous	False	neutral_fallback	neutral_fallback	stage40-2026-green-candidates
nz-general-2026-boundary-026-candidate-b1b5402428a8b122	nz-general-2026-boundary-026	Tracey Coxhead	newzealandfirstparty	newzealandfirstparty	party_announced	unresolved_ambiguous	False	neutral_fallback	neutral_fallback	stage40-2026-nzfirst-team
nz-general-2026-boundary-026-candidate-e2ed710c1c2b423a	nz-general-2026-boundary-026	Cameron Luxton	actnewzealand	actnewzealand	party_announced	accepted_algorithmic_same_person	False	neutral_fallback	neutral_fallback	stage40-2026-act-people
nz-general-2026-boundary-027-candidate-4e60b4b070da8f33	nz-general-2026-boundary-027	Jamie Attenborough	opportunity	opportunity	party_announced	unresolved_ambiguous	False	neutral_fallback	neutral_fallback	stage40-2026-opportunity-team
nz-general-2026-boundary-027-candidate-5a2500ca4e88a752	nz-general-2026-boundary-027	Yang Qu	actnewzealand	actnewzealand	party_announced	unresolved_ambiguous	False	neutral_fallback	neutral_fallback	stage40-2026-act-people
nz-general-2026-boundary-028-candidate-1fed3314dbf94688	nz-general-2026-boundary-028	Roy Boonen	greenparty	greenparty	party_announced	unresolved_ambiguous	False	neutral_fallback	neutral_fallback	stage40-2026-green-candidates
nz-general-2026-boundary-028-candidate-9a4db6af85d093d5	nz-general-2026-boundary-028	Johno Ormond	actnewzealand	actnewzealand	party_announced	unresolved_ambiguous	False	neutral_fallback	neutral_fallback	stage40-2026-act-people
nz-general-2026-boundary-028-candidate-9ff61b830fda83d0	nz-general-2026-boundary-028	Te Kira Lawrence	newzealandfirstparty	newzealandfirstparty	party_announced	unresolved_ambiguous	False	neutral_fallback	neutral_fallback	stage40-2026-nzfirst-team
nz-general-2026-boundary-029-candidate-6e940cd0561d9be4	nz-general-2026-boundary-029	Chris Baillie	actnewzealand	actnewzealand	party_announced	accepted_algorithmic_same_person	False	supported	supported	stage40-2026-act-people
nz-general-2026-boundary-029-candidate-72cb822be917df93	nz-general-2026-boundary-029	Rohan O'Neill-Stevens	greenparty	greenparty	party_announced	unresolved_ambiguous	False	supported	neutral_fallback	stage40-2026-green-candidates
nz-general-2026-boundary-029-candidate-9b222bff149cffd9	nz-general-2026-boundary-029	Jodie Kuntzsch	opportunity	opportunity	party_announced	unresolved_ambiguous	False	neutral_fallback	neutral_fallback	stage40-2026-opportunity-team
nz-general-2026-boundary-029-candidate-a600360ad42fbd5e	nz-general-2026-boundary-029	Blair Cameron	nationalparty	nationalparty	party_announced	accepted_algorithmic_same_person	True	supported	supported	stage40-2026-national-team
nz-general-2026-boundary-030-candidate-df6a950658c7fee9	nz-general-2026-boundary-030	Sarah Lucas	opportunity	opportunity	party_announced	unresolved_ambiguous	False	neutral_fallback	neutral_fallback	stage40-2026-opportunity-team
nz-general-2026-boundary-031-candidate-dd91155df53f747f	nz-general-2026-boundary-031	Karen Chhour	actnewzealand	actnewzealand	party_announced	accepted_algorithmic_same_person	False	neutral_fallback	neutral_fallback	stage40-2026-act-people
nz-general-2026-boundary-031-candidate-f40a2395ff980c7c	nz-general-2026-boundary-031	Josh Jacobsen	greenparty	greenparty	party_announced	unresolved_ambiguous	False	neutral_fallback	neutral_fallback	stage40-2026-green-candidates
nz-general-2026-boundary-031-candidate-fc22a5b81faa862e	nz-general-2026-boundary-031	Holly Knill	opportunity	opportunity	party_announced	unresolved_ambiguous	False	neutral_fallback	neutral_fallback	stage40-2026-opportunity-team
nz-general-2026-boundary-032-candidate-5ee34d8dcab1f619	nz-general-2026-boundary-032	Daryl Habraken	newzealandfirstparty	newzealandfirstparty	party_announced	unresolved_ambiguous	False	neutral_fallback	neutral_fallback	stage40-2026-nzfirst-team
nz-general-2026-boundary-032-candidate-7e24888da76a6368	nz-general-2026-boundary-032	Martin Lundqvist	actnewzealand	actnewzealand	party_announced	unresolved_ambiguous	False	neutral_fallback	neutral_fallback	stage40-2026-act-people
nz-general-2026-boundary-032-candidate-90e6d0a0b8f1aafc	nz-general-2026-boundary-032	Cody Marsh	opportunity	opportunity	party_announced	unresolved_ambiguous	False	neutral_fallback	neutral_fallback	stage40-2026-opportunity-team
nz-general-2026-boundary-032-candidate-c2a1af2c8456e79e	nz-general-2026-boundary-032	Bhen Goodsir	greenparty	greenparty	party_announced	unresolved_ambiguous	False	neutral_fallback	neutral_fallback	stage40-2026-green-candidates
nz-general-2026-boundary-033-candidate-0b1f1bd14c5cfd57	nz-general-2026-boundary-033	Mike Finlayson	greenparty	greenparty	party_announced	unresolved_ambiguous	False	neutral_fallback	neutral_fallback	stage40-2026-green-candidates
nz-general-2026-boundary-034-candidate-265e0d7834ab0e21	nz-general-2026-boundary-034	Adam MacRae-Martin	opportunity	opportunity	party_announced	unresolved_ambiguous	False	neutral_fallback	neutral_fallback	stage40-2026-opportunity-team
nz-general-2026-boundary-034-candidate-55425c12e65976ae	nz-general-2026-boundary-034	Henrietta Devoe	actnewzealand	actnewzealand	party_announced	unresolved_ambiguous	False	neutral_fallback	neutral_fallback	stage40-2026-act-people
nz-general-2026-boundary-034-candidate-baa59a05479a7153	nz-general-2026-boundary-034	Lalit Arya	nationalparty	nationalparty	party_announced	unresolved_ambiguous	False	neutral_fallback	neutral_fallback	stage40-2026-national-team
nz-general-2026-boundary-034-candidate-dd4f480f16ca3542	nz-general-2026-boundary-034	Te Whatanui Skipwith	greenparty	greenparty	party_announced	unresolved_ambiguous	False	neutral_fallback	neutral_fallback	stage40-2026-green-candidates
nz-general-2026-boundary-035-candidate-1e0bf83279759308	nz-general-2026-boundary-035	Parmjeet Parmar	actnewzealand	actnewzealand	party_announced	unresolved_ambiguous	False	neutral_fallback	neutral_fallback	stage40-2026-act-people
nz-general-2026-boundary-035-candidate-204f669aac00fabc	nz-general-2026-boundary-035	Kevin Huang	opportunity	opportunity	party_announced	unresolved_ambiguous	False	neutral_fallback	neutral_fallback	stage40-2026-opportunity-team
nz-general-2026-boundary-036-candidate-379c40f91d38f8f8	nz-general-2026-boundary-036	Teanau Tuiono	greenparty	greenparty	party_announced	accepted_algorithmic_same_person	True	neutral_fallback	neutral_fallback	stage40-2026-green-candidates
nz-general-2026-boundary-036-candidate-5d3e660c650b69fe	nz-general-2026-boundary-036	Ankit Bansal	nationalparty	nationalparty	party_announced	accepted_algorithmic_same_person	True	neutral_fallback	neutral_fallback	stage40-2026-national-team
nz-general-2026-boundary-036-candidate-6f34fac042b3e7b3	nz-general-2026-boundary-036	Netra Ghimire	opportunity	opportunity	party_announced	unresolved_ambiguous	False	neutral_fallback	neutral_fallback	stage40-2026-opportunity-team
nz-general-2026-boundary-037-candidate-020180e441fd0800	nz-general-2026-boundary-037	Malkiat Singh	actnewzealand	actnewzealand	party_announced	unresolved_ambiguous	False	neutral_fallback	neutral_fallback	stage40-2026-act-people
nz-general-2026-boundary-037-candidate-3c5b8fb2f7fd0f49	nz-general-2026-boundary-037	Emma Chatterton	nationalparty	nationalparty	party_announced	accepted_algorithmic_same_person	False	neutral_fallback	neutral_fallback	stage40-2026-national-team
nz-general-2026-boundary-037-candidate-4724bf0d9f6b7fcb	nz-general-2026-boundary-037	Angela Dalton	greenparty	greenparty	party_announced	unresolved_ambiguous	False	neutral_fallback	neutral_fallback	stage40-2026-green-candidates
nz-general-2026-boundary-038-candidate-053a9b0938f013b0	nz-general-2026-boundary-038	Carl Morgan	greenparty	greenparty	party_announced	unresolved_ambiguous	False	neutral_fallback	neutral_fallback	stage40-2026-green-candidates
nz-general-2026-boundary-038-candidate-286b9881f40734a8	nz-general-2026-boundary-038	Matthew Paul	nationalparty	nationalparty	party_announced	unresolved_ambiguous	False	neutral_fallback	neutral_fallback	stage40-2026-national-team
nz-general-2026-boundary-038-candidate-9d5de9e646090115	nz-general-2026-boundary-038	Sarah Lochead-Macmillan	actnewzealand	actnewzealand	party_announced	unresolved_ambiguous	False	neutral_fallback	neutral_fallback	stage40-2026-act-people
nz-general-2026-boundary-039-candidate-325e51bfc1c96b06	nz-general-2026-boundary-039	Dave Richards	greenparty	greenparty	party_announced	unresolved_ambiguous	False	supported	neutral_fallback	stage40-2026-green-candidates
nz-general-2026-boundary-039-candidate-374fd44ead09ae07	nz-general-2026-boundary-039	Isaac Nicholson	newzealandfirstparty	newzealandfirstparty	party_announced	unresolved_ambiguous	False	supported	neutral_fallback	stage40-2026-nzfirst-team
nz-general-2026-boundary-039-candidate-6fa66a618d74a048	nz-general-2026-boundary-039	Matt Harris	opportunity	opportunity	party_announced	unresolved_ambiguous	False	neutral_fallback	neutral_fallback	stage40-2026-opportunity-team
nz-general-2026-boundary-039-candidate-d2c73e588ce1b5f0	nz-general-2026-boundary-039	Aaron Allred	actnewzealand	actnewzealand	party_announced	unresolved_ambiguous	False	neutral_fallback	neutral_fallback	stage40-2026-act-people
nz-general-2026-boundary-040-candidate-5cd2d84ad8c78115	nz-general-2026-boundary-040	Steve Gibson	newzealandfirstparty	newzealandfirstparty	party_announced	unresolved_ambiguous	False	neutral_fallback	neutral_fallback	stage40-2026-nzfirst-team
nz-general-2026-boundary-040-candidate-6c5bfed665b28f27	nz-general-2026-boundary-040	Bernard Long	greenparty	greenparty	party_announced	accepted_algorithmic_same_person	False	neutral_fallback	neutral_fallback	stage40-2026-green-candidates
nz-general-2026-boundary-040-candidate-8b821dec6b68282a	nz-general-2026-boundary-040	Andrew Hoggard	actnewzealand	actnewzealand	party_announced	accepted_algorithmic_same_person	False	neutral_fallback	neutral_fallback	stage40-2026-act-people
nz-general-2026-boundary-041-candidate-0c1eda64de9f5377	nz-general-2026-boundary-041	Dr Zabeen Lateef	nationalparty	nationalparty	party_announced	unresolved_ambiguous	False	neutral_fallback	neutral_fallback	stage40-2026-national-team
nz-general-2026-boundary-041-candidate-135af1e8eb82dcba	nz-general-2026-boundary-041	Chris Norton	greenparty	greenparty	party_announced	accepted_algorithmic_same_person	False	neutral_fallback	neutral_fallback	stage40-2026-green-candidates
nz-general-2026-boundary-041-candidate-1d255c61ad06c23e	nz-general-2026-boundary-041	Luke Ross	opportunity	opportunity	party_announced	unresolved_ambiguous	False	neutral_fallback	neutral_fallback	stage40-2026-opportunity-team
nz-general-2026-boundary-041-candidate-64373a801f5d7ef3	nz-general-2026-boundary-041	Nigel Elder	actnewzealand	actnewzealand	party_announced	unresolved_ambiguous	False	neutral_fallback	neutral_fallback	stage40-2026-act-people
nz-general-2026-boundary-042-candidate-4103ead3fca7f662	nz-general-2026-boundary-042	Finn Liley	opportunity	opportunity	party_announced	unresolved_ambiguous	False	neutral_fallback	neutral_fallback	stage40-2026-opportunity-team
nz-general-2026-boundary-042-candidate-f895a9332ab6358c	nz-general-2026-boundary-042	Billy Brown	newzealandfirstparty	newzealandfirstparty	party_announced	unresolved_ambiguous	False	neutral_fallback	neutral_fallback	stage40-2026-nzfirst-team
nz-general-2026-boundary-043-candidate-6b599855fdae0c0b	nz-general-2026-boundary-043	Iain Murray	actnewzealand	actnewzealand	party_announced	unresolved_ambiguous	False	neutral_fallback	neutral_fallback	stage40-2026-act-people
nz-general-2026-boundary-043-candidate-ab60abeee70211d5	nz-general-2026-boundary-043	Elizabeth Mundt	newzealandfirstparty	newzealandfirstparty	party_announced	unresolved_ambiguous	False	neutral_fallback	neutral_fallback	stage40-2026-nzfirst-team
nz-general-2026-boundary-043-candidate-b237c9a95f741b3f	nz-general-2026-boundary-043	Alma de Anda	greenparty	greenparty	party_announced	unresolved_ambiguous	False	neutral_fallback	neutral_fallback	stage40-2026-green-candidates
nz-general-2026-boundary-043-candidate-c1dc61c8d8566814	nz-general-2026-boundary-043	Adrian Mee	opportunity	opportunity	party_announced	unresolved_ambiguous	False	neutral_fallback	neutral_fallback	stage40-2026-opportunity-team
nz-general-2026-boundary-044-candidate-0c67314d3acc3237	nz-general-2026-boundary-044	Bianca Beebe	opportunity	opportunity	party_announced	unresolved_ambiguous	False	neutral_fallback	neutral_fallback	stage40-2026-opportunity-team
nz-general-2026-boundary-044-candidate-3c2e3c9fffd720bc	nz-general-2026-boundary-044	Jason Herrick	newzealandfirstparty	newzealandfirstparty	party_announced	unresolved_ambiguous	False	neutral_fallback	neutral_fallback	stage40-2026-nzfirst-team
nz-general-2026-boundary-044-candidate-a54098582614fad6	nz-general-2026-boundary-044	Todd Stephenson	actnewzealand	actnewzealand	party_announced	accepted_algorithmic_same_person	False	neutral_fallback	neutral_fallback	stage40-2026-act-people
nz-general-2026-boundary-045-candidate-0079f99824399676	nz-general-2026-boundary-045	Robbie Byars	actnewzealand	actnewzealand	party_announced	unresolved_ambiguous	False	supported	neutral_fallback	stage40-2026-act-people
nz-general-2026-boundary-045-candidate-385a3de16fe9406e	nz-general-2026-boundary-045	Matthew French	nationalparty	nationalparty	party_announced	accepted_algorithmic_same_person	True	supported	supported	stage40-2026-national-team
nz-general-2026-boundary-045-candidate-5437b0eec8861d79	nz-general-2026-boundary-045	Scott Willis	greenparty	greenparty	party_announced	accepted_algorithmic_same_person	False	supported	supported	stage40-2026-green-candidates
nz-general-2026-boundary-046-candidate-12603369c51eb2d5	nz-general-2026-boundary-046	Elliot Ikilei	newzealandfirstparty	newzealandfirstparty	party_announced	unresolved_ambiguous	False	neutral_fallback	neutral_fallback	stage40-2026-nzfirst-team
nz-general-2026-boundary-047-candidate-3c87c4c19dfa0fe4	nz-general-2026-boundary-047	James Christmas	actnewzealand	actnewzealand	party_announced	unresolved_ambiguous	False	neutral_fallback	neutral_fallback	stage40-2026-act-people
nz-general-2026-boundary-047-candidate-449547e784a7c6c9	nz-general-2026-boundary-047	Sacha Haskell	opportunity	opportunity	party_announced	unresolved_ambiguous	False	neutral_fallback	neutral_fallback	stage40-2026-opportunity-team
nz-general-2026-boundary-047-candidate-5a090fbe7f459fab	nz-general-2026-boundary-047	Mahesh Muralidhar	nationalparty	nationalparty	party_announced	accepted_algorithmic_same_person	True	neutral_fallback	neutral_fallback	stage40-2026-national-team
nz-general-2026-boundary-047-candidate-9773b985d02e97f3	nz-general-2026-boundary-047	Donald Mackenzie Mayo	greenparty	greenparty	party_announced	unresolved_ambiguous	False	neutral_fallback	neutral_fallback	stage40-2026-green-candidates
nz-general-2026-boundary-048-candidate-7af36503f85cb5d6	nz-general-2026-boundary-048	Phil McCabe	greenparty	greenparty	party_announced	unresolved_ambiguous	False	neutral_fallback	neutral_fallback	stage40-2026-green-candidates
nz-general-2026-boundary-048-candidate-dacd5255d3aab14d	nz-general-2026-boundary-048	Lee Smith	newzealandfirstparty	newzealandfirstparty	party_announced	unresolved_ambiguous	False	neutral_fallback	neutral_fallback	stage40-2026-nzfirst-team
nz-general-2026-boundary-049-candidate-6449255c20fe18d1	nz-general-2026-boundary-049	Sam Plummer	opportunity	opportunity	party_announced	unresolved_ambiguous	False	neutral_fallback	neutral_fallback	stage40-2026-opportunity-team
nz-general-2026-boundary-049-candidate-7ef892833dec474d	nz-general-2026-boundary-049	Celine Kearney	greenparty	greenparty	party_announced	unresolved_ambiguous	False	neutral_fallback	neutral_fallback	stage40-2026-green-candidates
nz-general-2026-boundary-050-candidate-10bbd1f7ea8969fa	nz-general-2026-boundary-050	Michael Carter	opportunity	opportunity	party_announced	unresolved_ambiguous	False	neutral_fallback	neutral_fallback	stage40-2026-opportunity-team
nz-general-2026-boundary-050-candidate-9861b956ae5a9bb5	nz-general-2026-boundary-050	Daniël Oosthuizen	greenparty	greenparty	party_announced	unresolved_ambiguous	False	neutral_fallback	neutral_fallback	stage40-2026-green-candidates
nz-general-2026-boundary-050-candidate-c08ae997d5daab54	nz-general-2026-boundary-050	Bryan Norton	actnewzealand	actnewzealand	party_announced	unresolved_ambiguous	False	neutral_fallback	neutral_fallback	stage40-2026-act-people
nz-general-2026-boundary-051-candidate-1f2b936f62d2f659	nz-general-2026-boundary-051	Mark Longworth	greenparty	greenparty	party_announced	unresolved_ambiguous	False	neutral_fallback	neutral_fallback	stage40-2026-green-candidates
nz-general-2026-boundary-051-candidate-3002357a5bd258ab	nz-general-2026-boundary-051	Taine Randell	newzealandfirstparty	newzealandfirstparty	party_announced	unresolved_ambiguous	False	neutral_fallback	neutral_fallback	stage40-2026-nzfirst-team
nz-general-2026-boundary-051-candidate-4c47db8f0235137c	nz-general-2026-boundary-051	Rachel Ward	opportunity	opportunity	party_announced	unresolved_ambiguous	False	neutral_fallback	neutral_fallback	stage40-2026-opportunity-team
nz-general-2026-boundary-052-candidate-94e0901af6c58ea9	nz-general-2026-boundary-052	Bernadette Soares	newzealandfirstparty	newzealandfirstparty	party_announced	unresolved_ambiguous	False	neutral_fallback	neutral_fallback	stage40-2026-nzfirst-team
nz-general-2026-boundary-052-candidate-966c65a7e3b2897a	nz-general-2026-boundary-052	Ryan Richards	greenparty	greenparty	party_announced	unresolved_ambiguous	False	neutral_fallback	neutral_fallback	stage40-2026-green-candidates
nz-general-2026-boundary-052-candidate-9ea4a99b356509c7	nz-general-2026-boundary-052	Panos Patros	actnewzealand	actnewzealand	party_announced	unresolved_ambiguous	False	neutral_fallback	neutral_fallback	stage40-2026-act-people
nz-general-2026-boundary-052-candidate-cef8a679390dc12d	nz-general-2026-boundary-052	Romeo Tevaga	opportunity	opportunity	party_announced	unresolved_ambiguous	False	neutral_fallback	neutral_fallback	stage40-2026-opportunity-team
nz-general-2026-boundary-053-candidate-37df98a66be0d344	nz-general-2026-boundary-053	Robert Cookson	newzealandfirstparty	newzealandfirstparty	party_announced	unresolved_ambiguous	False	supported	neutral_fallback	stage40-2026-nzfirst-team
nz-general-2026-boundary-053-candidate-c774f6ba593a6fad	nz-general-2026-boundary-053	Ash Parmar	actnewzealand	actnewzealand	party_announced	unresolved_ambiguous	False	neutral_fallback	neutral_fallback	stage40-2026-act-people
nz-general-2026-boundary-054-candidate-8a44319df2a3ada0	nz-general-2026-boundary-054	Ash Bettridge	actnewzealand	actnewzealand	party_announced	unresolved_ambiguous	False	supported	neutral_fallback	stage40-2026-act-people
nz-general-2026-boundary-054-candidate-b3f62ae11661e8df	nz-general-2026-boundary-054	Richard Wesley	greenparty	greenparty	party_announced	accepted_algorithmic_same_person	True	neutral_fallback	neutral_fallback	stage40-2026-green-candidates
nz-general-2026-boundary-054-candidate-c042e4ae7839bbe8	nz-general-2026-boundary-054	Jackie Farrelly	newzealandfirstparty	newzealandfirstparty	party_announced	unresolved_ambiguous	False	neutral_fallback	neutral_fallback	stage40-2026-nzfirst-team
nz-general-2026-boundary-055-candidate-36de9d087a11792a	nz-general-2026-boundary-055	Hon Ron Mark	newzealandfirstparty	newzealandfirstparty	party_announced	unresolved_ambiguous	False	neutral_fallback	neutral_fallback	stage40-2026-nzfirst-team
nz-general-2026-boundary-055-candidate-b1c4f92d4d1bfb16	nz-general-2026-boundary-055	Matt Shepherd	opportunity	opportunity	party_announced	unresolved_ambiguous	False	neutral_fallback	neutral_fallback	stage40-2026-opportunity-team
nz-general-2026-boundary-055-candidate-cfdccab44723017d	nz-general-2026-boundary-055	Lauren Craig	greenparty	greenparty	party_announced	unresolved_ambiguous	False	neutral_fallback	neutral_fallback	stage40-2026-green-candidates
nz-general-2026-boundary-056-candidate-020079b12e855565	nz-general-2026-boundary-056	Mark Roach	opportunity	opportunity	party_announced	unresolved_ambiguous	False	neutral_fallback	neutral_fallback	stage40-2026-opportunity-team
nz-general-2026-boundary-056-candidate-f6a7adf7f9a7173a	nz-general-2026-boundary-056	Steve Abel	greenparty	greenparty	party_announced	accepted_algorithmic_same_person	False	neutral_fallback	neutral_fallback	stage40-2026-green-candidates
nz-general-2026-boundary-056-candidate-f81d2a9f84876a29	nz-general-2026-boundary-056	Agnes Loheni	nationalparty	nationalparty	party_announced	unresolved_ambiguous	False	neutral_fallback	neutral_fallback	stage40-2026-national-team
nz-general-2026-boundary-056-candidate-fbfee5ec196fdd86	nz-general-2026-boundary-056	Callum Sheridan	actnewzealand	actnewzealand	party_announced	unresolved_ambiguous	False	neutral_fallback	neutral_fallback	stage40-2026-act-people
nz-general-2026-boundary-057-candidate-5f3ba81a612b8c28	nz-general-2026-boundary-057	Helen Tait	opportunity	opportunity	party_announced	unresolved_ambiguous	False	neutral_fallback	neutral_fallback	stage40-2026-opportunity-team
nz-general-2026-boundary-057-candidate-b3850c093239cbdc	nz-general-2026-boundary-057	Michael Laws	newzealandfirstparty	newzealandfirstparty	party_announced	unresolved_ambiguous	False	supported	neutral_fallback	stage40-2026-nzfirst-team
nz-general-2026-boundary-057-candidate-b59c3a345b1f92dc	nz-general-2026-boundary-057	Sean Beamish	actnewzealand	actnewzealand	party_announced	accepted_algorithmic_same_person	False	supported	supported	stage40-2026-act-people
nz-general-2026-boundary-058-candidate-26be7927977dabcb	nz-general-2026-boundary-058	Gerald Warner	newzealandfirstparty	newzealandfirstparty	party_announced	unresolved_ambiguous	False	neutral_fallback	neutral_fallback	stage40-2026-nzfirst-team
nz-general-2026-boundary-058-candidate-74b6d9c20bf52df8	nz-general-2026-boundary-058	Julie Anne Genter	greenparty	greenparty	party_announced	accepted_algorithmic_same_person	True	neutral_fallback	neutral_fallback	stage40-2026-green-candidates
nz-general-2026-boundary-058-candidate-8b978714cc0a5d6b	nz-general-2026-boundary-058	Karunā Muthu	nationalparty	nationalparty	party_announced	unresolved_ambiguous	False	neutral_fallback	neutral_fallback	stage40-2026-national-team
nz-general-2026-boundary-058-candidate-a2b06a2aee460a3a	nz-general-2026-boundary-058	Nicole McKee	actnewzealand	actnewzealand	party_announced	accepted_algorithmic_same_person	False	neutral_fallback	neutral_fallback	stage40-2026-act-people
nz-general-2026-boundary-058-candidate-ded8e5c3c1c95ccf	nz-general-2026-boundary-058	Kayla Kingdon-Bebb	opportunity	opportunity	party_announced	unresolved_ambiguous	False	neutral_fallback	neutral_fallback	stage40-2026-opportunity-team
nz-general-2026-boundary-059-candidate-223c3e4fa9e8e1a8	nz-general-2026-boundary-059	Jonathan Pitts	nationalparty	nationalparty	party_announced	unresolved_ambiguous	False	neutral_fallback	neutral_fallback	stage40-2026-national-team
nz-general-2026-boundary-059-candidate-24578736a6b47d19	nz-general-2026-boundary-059	Jessica Hammond	opportunity	opportunity	party_announced	accepted_algorithmic_same_person	False	neutral_fallback	neutral_fallback	stage40-2026-opportunity-team
nz-general-2026-boundary-059-candidate-276059ef93d6748d	nz-general-2026-boundary-059	Tamatha Paul	greenparty	greenparty	party_announced	unresolved_ambiguous	False	neutral_fallback	neutral_fallback	stage40-2026-green-candidates
nz-general-2026-boundary-059-candidate-498c57c2ec695d64	nz-general-2026-boundary-059	Matthew Hague	actnewzealand	actnewzealand	party_announced	unresolved_ambiguous	False	neutral_fallback	neutral_fallback	stage40-2026-act-people
nz-general-2026-boundary-059-candidate-efe18889937ba04a	nz-general-2026-boundary-059	Taylor Arneil	newzealandfirstparty	newzealandfirstparty	party_announced	accepted_algorithmic_same_person	False	neutral_fallback	neutral_fallback	stage40-2026-nzfirst-team
nz-general-2026-boundary-060-candidate-1360ad9912617145	nz-general-2026-boundary-060	Jamie Cleine	newzealandfirstparty	newzealandfirstparty	party_announced	unresolved_ambiguous	False	supported	neutral_fallback	stage40-2026-nzfirst-team
nz-general-2026-boundary-060-candidate-394c43365501d92f	nz-general-2026-boundary-060	Cindie Uddstrom	opportunity	opportunity	party_announced	unresolved_ambiguous	False	neutral_fallback	neutral_fallback	stage40-2026-opportunity-team
nz-general-2026-boundary-060-candidate-550b767e1620191c	nz-general-2026-boundary-060	Janelle Hocking	actnewzealand	actnewzealand	party_announced	unresolved_ambiguous	False	supported	neutral_fallback	stage40-2026-act-people
nz-general-2026-boundary-060-candidate-9aea9eda20cbb18c	nz-general-2026-boundary-060	Katie Milne	nationalparty	nationalparty	party_announced	unresolved_ambiguous	False	supported	neutral_fallback	stage40-2026-national-team
nz-general-2026-boundary-060-candidate-f7bbb655e28ef633	nz-general-2026-boundary-060	Andrew Beaumont	greenparty	greenparty	party_announced	unresolved_ambiguous	False	supported	neutral_fallback	stage40-2026-green-candidates
nz-general-2026-boundary-061-candidate-4a42a138c5cf0e5e	nz-general-2026-boundary-061	Harete Hipango-Brownlie	newzealandfirstparty	newzealandfirstparty	party_announced	unresolved_ambiguous	False	neutral_fallback	neutral_fallback	stage40-2026-nzfirst-team
nz-general-2026-boundary-062-candidate-1117543c3a1f5a02	nz-general-2026-boundary-062	Helena Roza	actnewzealand	actnewzealand	party_announced	unresolved_ambiguous	False	neutral_fallback	neutral_fallback	stage40-2026-act-people
nz-general-2026-boundary-063-candidate-2b940dcab1e40cd2	nz-general-2026-boundary-063	Vince Cocurullo	newzealandfirstparty	newzealandfirstparty	party_announced	unresolved_ambiguous	False	neutral_fallback	neutral_fallback	stage40-2026-nzfirst-team
nz-general-2026-boundary-063-candidate-3491cce23b337231	nz-general-2026-boundary-063	Simon DellaBarca	opportunity	opportunity	party_announced	unresolved_ambiguous	False	neutral_fallback	neutral_fallback	stage40-2026-opportunity-team
nz-general-2026-boundary-063-candidate-4d667f1d0189e368	nz-general-2026-boundary-063	Doug Graham	actnewzealand	actnewzealand	party_announced	unresolved_ambiguous	False	neutral_fallback	neutral_fallback	stage40-2026-act-people
nz-general-2026-boundary-063-candidate-d5756c269a8a5690	nz-general-2026-boundary-063	Lloyd Budd	nationalparty	nationalparty	party_announced	unresolved_ambiguous	False	neutral_fallback	neutral_fallback	stage40-2026-national-team
nz-general-2026-boundary-064-candidate-55d628e4fe25ca95	nz-general-2026-boundary-064	Laura McClure	actnewzealand	actnewzealand	party_announced	unresolved_ambiguous	False	neutral_fallback	neutral_fallback	stage40-2026-act-people
nz-general-2026-boundary-064-candidate-55f2927a4fa88324	nz-general-2026-boundary-064	Shreejan Pandey	greenparty	greenparty	party_announced	unresolved_ambiguous	False	neutral_fallback	neutral_fallback	stage40-2026-green-candidates
nz-general-2026-boundary-064-candidate-a4454a6784f60ada	nz-general-2026-boundary-064	Bryce Park	newzealandfirstparty	newzealandfirstparty	party_announced	unresolved_ambiguous	False	neutral_fallback	neutral_fallback	stage40-2026-nzfirst-team
nz-general-2026-boundary-064-candidate-d6fc4d0e5156fb3a	nz-general-2026-boundary-064	Tracy Summerfield	nationalparty	nationalparty	party_announced	accepted_algorithmic_same_person	False	neutral_fallback	neutral_fallback	stage40-2026-national-team
nz-maori-2026-boundary-2-candidate-0c8c920bff15ac43	nz-maori-2026-boundary-2	Haley Maxwell	tepatimaori	tepatimaori	party_selected	unresolved_ambiguous	False	neutral_fallback	neutral_fallback	stage40-2026-maori-haley
nz-maori-2026-boundary-2-candidate-21348d59b9a9b9ce	nz-maori-2026-boundary-2	Heather Te Au-Skipworth	greenparty	greenparty	party_announced	unresolved_ambiguous	False	neutral_fallback	neutral_fallback	stage40-2026-green-candidates
nz-maori-2026-boundary-3-candidate-0438a5a003766081	nz-maori-2026-boundary-3	Florence Te Ohaere	greenparty	greenparty	party_announced	unresolved_ambiguous	False	neutral_fallback	neutral_fallback	stage40-2026-green-candidates
nz-maori-2026-boundary-4-candidate-99392b57fdf89761	nz-maori-2026-boundary-4	Coral Raukawa	nationalparty	nationalparty	party_announced	unresolved_ambiguous	False	neutral_fallback	neutral_fallback	stage40-2026-national-team
nz-maori-2026-boundary-5-candidate-99156e91b13dda14	nz-maori-2026-boundary-5	Hūhana Lyndon	greenparty	greenparty	party_announced	accepted_algorithmic_same_person	True	neutral_fallback	neutral_fallback	stage40-2026-green-candidates
nz-maori-2026-boundary-6-candidate-e81da62948c06d8b	nz-maori-2026-boundary-6	Lisa Marie Murch	tepatimaori	tepatimaori	party_announced	unresolved_ambiguous	False	neutral_fallback	neutral_fallback	stage40-2026-maori-lisa
nz-maori-2026-boundary-6-candidate-e9ef7c70e062fdb4	nz-maori-2026-boundary-6	Dr Lisa Te Morenga	greenparty	greenparty	party_announced	unresolved_ambiguous	False	neutral_fallback	neutral_fallback	stage40-2026-green-candidates
nz-maori-2026-boundary-7-candidate-19b11b859e10b57f	nz-maori-2026-boundary-7	Tania Waikato	greenparty	greenparty	party_announced	unresolved_ambiguous	False	unavailable	neutral_fallback	stage40-2026-green-candidates
nz-maori-2026-boundary-7-candidate-9d101cf4b78eae0e	nz-maori-2026-boundary-7	Pāpā Wharewera	opportunity	opportunity	party_announced	unresolved_ambiguous	False	unavailable	neutral_fallback	stage40-2026-opportunity-team
