2026-10-06T16:11:55Z	200 770033	wikipedia-opinion-polling-2014.html	https://en.wikipedia.org/wiki/Opinion_polling_for_the_2014_New_Zealand_general_election
2026-10-06T16:11:56Z	200 905785	wikipedia-opinion-polling-2017.html	https://en.wikipedia.org/wiki/Opinion_polling_for_the_2017_New_Zealand_general_election
2026-10-06T16:11:56Z	200 386289	wikipedia-opinion-polling-2020.html	https://en.wikipedia.org/wiki/Opinion_polling_for_the_2020_New_Zealand_general_election
2026-10-06T16:11:57Z	200 472126	wikipedia-opinion-polling-2023.html	https://en.wikipedia.org/wiki/Opinion_polling_for_the_2023_New_Zealand_general_election
2026-10-06T16:11:58Z	200 266250	rnz-2023-hauraki-waikato.html	https://www.rnz.co.nz/news/political/499329/general-election-2023-nanaia-mahuta-facing-serious-challenge-in-hauraki-waikato-poll-shows
2026-10-06T16:11:59Z	200 286266	rnz-2023-ikaroa-rawhiti.html	https://www.rnz.co.nz/news/political/498489/ikaroa-rawhiti-labour-defector-meka-whaitiri-trails-in-latest-poll
2026-10-06T16:12:00Z	200 68716	scoop-2023-tamaki-makaurau.html	https://www.scoop.co.nz/stories/PO2310/S00098/peeni-henare-ahead-in-tamaki-makaurau-poll.htm
2026-10-06T16:12:01Z	200 277015	rnz-2023-te-tai-hauauru.html	https://www.rnz.co.nz/news/political/498335/labour-te-pati-maori-in-tight-race-for-te-tai-hauauru
2026-10-06T16:12:03Z	200 270958	rnz-2023-te-tai-tokerau.html	https://www.rnz.co.nz/news/political/499507/te-pati-maori-candidate-trails-labour-s-kelvin-davis-in-te-tai-tokerau-new-poll-shows
2026-10-06T16:12:04Z	200 52768	whakaata-2023-te-tai-tonga.html	https://www.whakaatamaori.co.nz/media-releases/cracks-appear-in-labour-stronghold-of-te-tai-tonga
2026-10-06T16:12:05Z	200 268976	rnz-2023-waiariki.html	https://www.rnz.co.nz/news/election-2023/499773/rawiri-waititi-on-track-to-hold-waiariki-poll
2026-10-06T16:12:07Z	200 1547698	maoritv-2017-first-poll.html	https://www.maoritelevision.com/news/politics/first-maori-election-poll-reveals-red-wash
2026-10-06T16:12:10Z	200 505176	herald-2020-waiariki.html	https://www.nzherald.co.nz/rotorua-daily-post/news/election-2020-waiariki-rawiri-waititi-nipping-at-tamati-coffeys-heels/ATYNATHFIZNBHPIC3TGTY4SS2Q/
