2026-10-06T01:06:17Z	429	https://en.wikipedia.org/api/rest_v1/page/html/Opinion_polling_for_the_2026_New_Zealand_general_election	278	https://en.wikipedia.org/api/rest_v1/page/html/Opinion_polling_for_the_2026_New_Zealand_general_election	wikipedia-opinion-polling-2026.html
2026-10-06T01:06:39Z	200	https://www.rnz.co.nz/news/politics_election-2026/1749693/rnz-reid-research-poll-national-crashes-greens-surge-opportunity-kingmaker	314290	https://www.rnz.co.nz/news/politics_election-2026/1749693/rnz-reid-research-poll-national-crashes-greens-surge-opportunity-kingmaker	rnz-reid-2026-10-06.html
2026-10-06T01:06:40Z	200	https://www.1news.co.nz/2026/09/28/poll-greens-surge-to-best-result-ever-as-national-labour-slide-further/	751591	https://www.1news.co.nz/2026/09/28/poll-greens-surge-to-best-result-ever-as-national-labour-slide-further/	1news-verian-2026-09-28.html
2026-10-06T01:06:42Z	200	https://www.roymorgan.com/findings/10271-nz-national-voting-intention-june-2026	151947	https://www.roymorgan.com/findings/10271-nz-national-voting-intention-june-2026	roymorgan-10271-june-2026.html
2026-10-06T01:06:46Z	200	https://www.roymorgan.com/findings/10281-nz-national-voting-intention-july-2026	110667	https://www.roymorgan.com/findings/10281-nz-national-voting-intention-july-2026	roymorgan-10281-july-2026.html
2026-10-06T01:06:47Z	200	https://www.roymorgan.com/findings/10321-nz-national-voting-intention-august-2026	108836	https://www.roymorgan.com/findings/10321-nz-national-voting-intention-august-2026	roymorgan-10321-august-2026.html
2026-10-06T01:06:59Z	200	https://www.rnz.co.nz/news/politics/713431/rnz-poll-national-hits-new-low-under-luxon-opportunity-nears-parliament	311516	https://www.rnz.co.nz/news/politics/713431/rnz-poll-national-hits-new-low-under-luxon-opportunity-nears-parliament	rnz-reid-2026-07-09.html
2026-10-06T01:06:59Z	200	https://www.rnz.co.nz/news/politics_election-2026/1093636/rnz-reid-research-poll-opportunity-in-kingmaker-position-luxon-and-hipkins-approval-slumps	338028	https://www.rnz.co.nz/news/politics_election-2026/1093636/rnz-reid-research-poll-opportunity-in-kingmaker-position-luxon-and-hipkins-approval-slumps	rnz-reid-2026-08-21.html
2026-10-06T01:07:00Z	403	https://www.taxpayers.org.nz/pollnztu_june2026	5590	https://www.taxpayers.org.nz/pollnztu_june2026	tu-curia-2026-06.html
2026-10-06T01:07:01Z	403	https://www.taxpayers.org.nz/july26_pollnztu	5584	https://www.taxpayers.org.nz/july26_pollnztu	tu-curia-2026-07.html
2026-10-06T01:07:01Z	403	https://www.taxpayers.org.nz/aug2026_nztucurghs17668	5629	https://www.taxpayers.org.nz/aug2026_nztucurghs17668	tu-curia-2026-08.html
2026-10-06T01:07:02Z	403	https://www.taxpayers.org.nz/sept26_pollnztughjkuhn	5626	https://www.taxpayers.org.nz/sept26_pollnztughjkuhn	tu-curia-2026-09.html
2026-10-06T01:07:03Z	200	https://freshwaterstrategy.com/2026/06/19/the-post-freshwater-strategy-june-polling-data-2/	151406	https://freshwaterstrategy.com/2026/06/19/the-post-freshwater-strategy-june-polling-data-2/	freshwater-post-2026-06.html
2026-10-06T01:07:03Z	200	https://www.thepost.co.nz/politics/361079350/historic-major-party-slump-deepens-labour-edges-national-new-poll	7271	https://www.thepost.co.nz/politics/361079350/historic-major-party-slump-deepens-labour-edges-national-new-poll	post-freshwater-2026-09-11.html
2026-10-06T01:07:04Z	200	https://www.stuff.co.nz/politics/360993853/greens-surge-lifts-left-bloc-projected-majority-latest-political-poll	70852	https://www.stuff.co.nz/politics/360993853/greens-surge-lifts-left-bloc-projected-majority-latest-political-poll	talbot-stuff-2026-06.html
2026-10-06T01:07:05Z	200	https://www.thepost.co.nz/politics/361050346/new-poll-shows-coalition-victory-opportunity-close-upending-it-all	7271	https://www.thepost.co.nz/politics/361050346/new-poll-shows-coalition-victory-opportunity-close-upending-it-all	talbot-post-2026-07.html
2026-10-06T01:07:06Z	200	https://www.nzherald.co.nz/nz/politics/poll-national-down-and-out-of-government-in-new-talbot-mills-poll/XXSSJVLG35GP7C4NZTSALVAPGE/	679960	https://www.nzherald.co.nz/nz/politics/poll-national-down-and-out-of-government-in-new-talbot-mills-poll/XXSSJVLG35GP7C4NZTSALVAPGE/	talbot-herald-2026-08.html
2026-10-06T01:07:07Z	200	https://www.nzherald.co.nz/nz/politics/labour-slumps-in-another-poll-but-still-ahead-of-national/HDUVF4SBJJHK3LYLGXLVLG3F7U/	680942	https://www.nzherald.co.nz/nz/politics/labour-slumps-in-another-poll-but-still-ahead-of-national/HDUVF4SBJJHK3LYLGXLVLG3F7U/	anacta-herald-2026-09.html
2026-10-06T01:07:09Z	200	https://www.scribd.com/document/1054188547/13-17-June-2026-1-NEWS-Verian-Poll-Report?secret_password=oeKr2nNLrt3WFqTQNXzr	1171889	https://www.scribd.com/document/1054188547/13-17-June-2026-1-NEWS-Verian-Poll-Report?secret_password=oeKr2nNLrt3WFqTQNXzr	scribd-verian-2026-06.html
2026-10-06T01:07:10Z	200	https://www.scribd.com/document/1073125712/8-11-August-2026-1-NEWS-Verian-Poll-Report	1196970	https://www.scribd.com/document/1073125712/8-11-August-2026-1-NEWS-Verian-Poll-Report	scribd-verian-2026-08.html
2026-10-06T01:07:33Z	429	https://en.wikipedia.org/api/rest_v1/page/html/Opinion_polling_for_the_2026_New_Zealand_general_election	278	https://en.wikipedia.org/api/rest_v1/page/html/Opinion_polling_for_the_2026_New_Zealand_general_election	wikipedia-opinion-polling-2026.html
2026-10-06T01:07:49Z	200	https://www.thepost.co.nz/politics/350282502/are-tax-cuts-boost-economy-needs	7271	https://www.thepost.co.nz/politics/350282502/are-tax-cuts-boost-economy-needs	talbot-post-2024-05.html
2026-10-06T01:07:50Z	200	https://www.nzherald.co.nz/nz/politics/hikois-influence-will-be-felt-for-years-but-treaty-bill-still-popular-thomas-couglan/ZGRV4ECOE5CJJAUZNHRDFFM4YA/	739571	https://www.nzherald.co.nz/nz/politics/hikois-influence-will-be-felt-for-years-but-treaty-bill-still-popular-thomas-couglan/ZGRV4ECOE5CJJAUZNHRDFFM4YA/	talbot-herald-2024-11.html
2026-10-06T01:07:52Z	200	https://www.teaonews.co.nz/2026/09/29/whakaata-maori-curia-poll-shows-takuta-ferris-trailing-in-te-tai-tonga/	296393	https://www.teaonews.co.nz/2026/09/29/whakaata-maori-curia-poll-shows-takuta-ferris-trailing-in-te-tai-tonga/	maori-teaonews-te-tai-tonga-2026-09-29.html
2026-10-06T01:07:54Z	200	https://www.teaonews.co.nz/2026/09/30/debbie-ngarewa-packer-leads-te-tai-hauauru-poll/	278896	https://www.teaonews.co.nz/2026/09/30/debbie-ngarewa-packer-leads-te-tai-hauauru-poll/	maori-teaonews-te-tai-hauauru-2026-09-30.html
2026-10-06T01:07:57Z	200	https://www.teaonews.co.nz/2026/09/17/whakaata-maori-poll-labour-leads-party-vote-as-te-pati-maori-dominates-maori-roll/	291191	https://www.teaonews.co.nz/2026/09/17/whakaata-maori-poll-labour-leads-party-vote-as-te-pati-maori-dominates-maori-roll/	maori-teaonews-maori-roll-2026-09-17.html
2026-10-06T01:07:58Z	200	https://www.nzherald.co.nz/nz/politics/election-2026-hana-rawhiti-maipi-clarke-well-ahead-in-hauraki-waikato-poll/CETAZEFVJBHM3N2AVG2MLVM6EA/	683176	https://www.nzherald.co.nz/nz/politics/election-2026-hana-rawhiti-maipi-clarke-well-ahead-in-hauraki-waikato-poll/CETAZEFVJBHM3N2AVG2MLVM6EA/	maori-hauraki-waikato-herald.html
2026-10-06T01:08:00Z	200	https://newsroom.co.nz/2026/09/29/maori-seat-poll-electorates-hang-in-balance-as-willie-jackson-tackles-vote-splitting/	281622	https://newsroom.co.nz/2026/09/29/maori-seat-poll-electorates-hang-in-balance-as-willie-jackson-tackles-vote-splitting/	maori-newsroom-seat-poll-2026-09-29.html
2026-10-06T01:08:00Z	404	https://waateanews.com/2026/10/05/all-in-the-maori-seats-te-pati-maori-unveils-one-person-party-list/	254688	https://waateanews.com/2026/10/05/all-in-the-maori-seats-te-pati-maori-unveils-one-person-party-list/	waatea-one-person-list-2026-10-05.html
2026-10-06T01:08:27Z	200	https://www.teaonews.co.nz/2026/10/06/maipi-clarke-leads-hauraki-waikato-as-party-vote-remains-neck-and-neck/	292436	https://www.teaonews.co.nz/2026/10/06/maipi-clarke-leads-hauraki-waikato-as-party-vote-remains-neck-and-neck/	maori-teaonews-hauraki-waikato-2026-10-06.html
2026-10-06T01:08:28Z	200	https://www.teaonews.co.nz/2026/10/06/poll-64-of-hauraki-waikato-voters-back-constitutional-role-for-kingitanga/	260144	https://www.teaonews.co.nz/2026/10/06/poll-64-of-hauraki-waikato-voters-back-constitutional-role-for-kingitanga/	maori-teaonews-hauraki-waikato-kingitanga-2026-10-06.html
2026-10-06T01:08:30Z	200	https://www.teaonews.co.nz/tags/whakatau-2026/	139920	https://www.teaonews.co.nz/tags/whakatau-2026	index-teaonews-whakatau-2026-tag.html
2026-10-06T01:08:34Z	200	https://www.teaonews.co.nz/tags/poll/	122587	https://www.teaonews.co.nz/tags/poll	index-teaonews-poll-tag.html
2026-10-06T01:08:39Z	200	https://www.teaonews.co.nz/whakatau/	129250	https://www.teaonews.co.nz/whakatau/	index-teaonews-whakatau.html
2026-10-06T01:08:59Z	200	https://en.wikipedia.org/api/rest_v1/page/html/Opinion_polling_for_the_2026_New_Zealand_general_election	724763	https://en.wikipedia.org/api/rest_v1/page/html/Opinion_polling_for_the_2026_New_Zealand_general_election	wikipedia-opinion-polling-2026.html
2026-10-06T01:09:08Z	200	https://www.curia.co.nz/2026/09/whakaata-maori-curia-poll/	39173	https://www.curia.co.nz/2026/09/whakaata-maori-curia-poll/	curia-whakaata-maori-poll-2026-09.html
2026-10-06T01:09:09Z	200	https://www.curia.co.nz/tag/political-poll/	87822	https://www.curia.co.nz/tag/political-poll/	curia-political-poll-tag.html
2026-10-06T01:09:10Z	200	https://www.rnz.co.nz/news/politics_election-2026/1647755/whakaata-maori-curia-poll-reveals-major-shift-in-te-tai-tonga-race	297945	https://www.rnz.co.nz/news/politics_election-2026/1647755/whakaata-maori-curia-poll-reveals-major-shift-in-te-tai-tonga-race	maori-rnz-te-tai-tonga.html
2026-10-06T01:09:25Z	200	https://www.curia.co.nz/2026/06/taxpayers-union-curia-poll-june-2026/	38283	https://www.curia.co.nz/2026/06/taxpayers-union-curia-poll-june-2026/	curia-tu-2026-06.html
2026-10-06T01:09:26Z	200	https://www.curia.co.nz/2026/08/august-2026-taxpayers-union-curia-poll/	38299	https://www.curia.co.nz/2026/08/august-2026-taxpayers-union-curia-poll/	curia-tu-2026-08.html
2026-10-06T01:09:27Z	200	https://www.curia.co.nz/2026/09/taxpayers-union-curia-poll-sep-2026/	39673	https://www.curia.co.nz/2026/09/taxpayers-union-curia-poll-sep-2026/	curia-tu-2026-09.html
2026-10-06T01:09:27Z	200	https://www.curia.co.nz/2026/09/te-tai-tonga-poll-3/	38933	https://www.curia.co.nz/2026/09/te-tai-tonga-poll-3/	curia-te-tai-tonga-2026-09-29.html
2026-10-06T01:10:11Z	403	http://web.archive.org/web/20260430155316/https://www.thepost.co.nz/politics/350282502/are-tax-cuts-boost-economy-needs	24	http://web.archive.org/web/20260430155316/https://www.thepost.co.nz/politics/350282502/are-tax-cuts-boost-economy-needs	talbot-post-2024-05-wayback.html
2026-10-06T01:10:33Z	200	https://freshwaterstrategy.com/2026/09/15/the-post-freshwater-strategy-september-polling-data/	151604	https://freshwaterstrategy.com/2026/09/15/the-post-freshwater-strategy-september-polling-data/	freshwater-post-2026-09-15.html
2026-10-06T01:10:34Z	200	https://freshwaterstrategy.com/wp-content/uploads/Data-Tables-The-Post-Freshwater-Strategy-NZ-Polling-June-2026.xlsx	144149	https://freshwaterstrategy.com/wp-content/uploads/Data-Tables-The-Post-Freshwater-Strategy-NZ-Polling-June-2026.xlsx	freshwater-data-tables-post-2026-06.xlsx
2026-10-06T01:10:42Z	200	https://freshwaterstrategy.com/wp-content/uploads/Data-Tables-The-Post-Freshwater-Strategy-NZ-Polling-September-2026-1.xlsx	178933	https://freshwaterstrategy.com/wp-content/uploads/Data-Tables-The-Post-Freshwater-Strategy-NZ-Polling-September-2026-1.xlsx	freshwater-data-tables-post-2026-09.xlsx
2026-10-06T01:11:13Z	200	https://www.nzherald.co.nz/nz/politics/new-poll-predicts-coalition-re-election-while-opportunity-holds-close-to-5/O27VPYYVUVGQXP7OCI7ZJ2ZVKM/	682301	https://www.nzherald.co.nz/nz/politics/new-poll-predicts-coalition-re-election-while-opportunity-holds-close-to-5/O27VPYYVUVGQXP7OCI7ZJ2ZVKM/	talbot-herald-2026-07.html
2026-10-06T01:11:48Z	200	https://www.nzherald.co.nz/nz/politics/election-2026-green-party-surge-in-new-poll-puts-left-bloc-ahead-of-coalition/JG6D25ESWRBAXBGCYWOGY77BPI/	694651	https://www.nzherald.co.nz/nz/politics/election-2026-green-party-surge-in-new-poll-puts-left-bloc-ahead-of-coalition/JG6D25ESWRBAXBGCYWOGY77BPI/	talbot-herald-2026-06.html
2026-10-06T01:11:50Z	404	https://www.1news.co.nz/2026/06/17/surge-in-greens-support-could-put-left-bloc-into-government-poll/	73421	https://www.1news.co.nz/2026/06/17/surge-in-greens-support-could-put-left-bloc-into-government-poll/	1news-verian-2026-06-17.html
