2026-10-06T00:49:47Z	000	https://en.wikipedia.org/wiki/Opinion_polling_for_the_2026_New_Zealand_general_election
2026-10-06T00:49:47Z	000	https://www.roymorgan.com/morgan-poll/new-zealand-party-voting-intention
2026-10-06T00:49:47Z	000	https://www.1news.co.nz/
2026-10-06T00:49:47Z	000	https://www.taxpayers.org.nz/
2026-10-06T00:49:47Z	000	https://www.rnz.co.nz/news/politics_election-2026/1749693/rnz-reid-research-poll-national-crashes-greens-surge-opportunity-kingmaker
2026-10-06T00:49:47Z	000	https://www.thepost.co.nz/
2026-10-06T00:49:48Z	000	https://www.nzherald.co.nz/
2026-10-06T00:49:48Z	000	https://www.teaonews.co.nz/2026/09/17/whakaata-maori-poll-labour-leads-party-vote-as-te-pati-maori-dominates-maori-roll/
2026-10-06T00:49:48Z	000	https://thespinoff.co.nz/atea/17-09-2026/whakaata-maori-poll-labour-leads-party-vote-as-te-pati-maori-dominates-maori-roll
2026-10-06T00:49:48Z	000	https://elections.nz/
