General Electorates,Total Party Votes,ACT New Zealand,Advance NZ,Aotearoa Legalise Cannabis Party,Green Party,HeartlandNZ,Labour Party,Māori Party,National Party,New Conservative,New Zealand First Party,NZ Outdoors Party,ONE Party,Social Credit,Sustainable New Zealand Party,TEA Party,The Opportunities Party (TOP),Vision New Zealand,Independents & parties with no list candidates,Candidate Informals,Party Vote Only,Total %
ACT New Zealand,216444,21.44,0.28,0.05,0.87,0.51,6.38,0.0,66.27,0.97,0.56,0.27,0.06,0.09,0.04,0.06,0.47,0.0,0.4,0.86,0.44,100.00
Advance NZ,23777,2.56,61.29,0.14,3.13,0.14,4.9,0.0,10.69,5.7,0.88,1.55,0.54,0.59,0.25,0.08,0.78,0.1,1.68,3.34,1.65,100.00
Aotearoa Legalise Cannabis Party,9571,3.14,2.44,10.64,16.26,0.31,34.87,0.0,9.92,1.76,1.82,3.03,0.45,0.4,0.44,0.13,1.03,0.1,3.1,5.35,4.82,100.00
Green Party,211876,0.6,0.16,0.14,29.76,0.1,59.16,0.0,5.13,0.18,0.26,0.28,0.04,0.1,0.2,0.02,2.24,0.02,0.38,0.63,0.61,100.00
HeartlandNZ,877,3.88,0.8,0.34,2.28,55.99,7.87,0.0,15.62,2.05,1.25,1.6,0.23,0.68,0.0,0.11,0.23,0.11,2.51,3.08,1.37,100.00
Labour Party,1327675,1.13,0.16,0.16,5.39,0.23,79.03,0.0,8.73,0.34,0.8,0.18,0.09,0.06,0.07,0.06,0.56,0.02,0.24,1.8,0.97,100.00
Māori Party,9810,1.85,1.79,0.65,14.38,0.32,44.65,0.0,16.15,2.4,2.64,0.9,1.11,0.35,0.27,0.09,2.17,0.57,1.53,3.25,4.94,100.00
National Party,731811,4.06,0.14,0.03,0.55,0.39,2.68,0.0,88.36,1.03,0.34,0.08,0.08,0.03,0.02,0.12,0.19,0.01,0.15,1.25,0.48,100.00
New Conservative,41773,0.73,0.66,0.04,0.45,0.24,3.61,0.0,25.75,64.08,0.74,0.25,0.67,0.09,0.03,0.03,0.21,0.04,0.56,1.19,0.62,100.00
New Zealand First Party,67113,2.98,0.93,0.2,2.39,0.57,36.8,0.0,24.86,3.47,20.23,0.73,0.43,0.38,0.19,0.09,0.65,0.06,1.01,3.19,0.83,100.00
NZ Outdoors Party,2974,4.34,4.54,0.91,5.58,0.24,13.82,0.0,15.6,3.13,1.85,37.26,0.47,1.11,0.64,0.27,1.51,0.13,3.9,3.46,1.24,100.00
ONE Party,7092,0.96,2.62,0.0,1.0,0.17,9.07,0.0,21.57,10.82,1.71,0.38,41.89,0.24,0.1,0.2,0.52,0.42,2.74,4.13,1.47,100.00
Social Credit,1486,2.02,2.15,0.2,4.51,0.4,20.12,0.0,12.45,3.16,2.76,1.88,0.47,39.23,0.54,0.0,1.62,0.0,3.1,4.37,1.01,100.00
Sustainable New Zealand Party,1820,4.01,1.21,0.44,16.43,0.49,20.22,0.0,24.95,1.92,1.76,2.91,0.38,0.66,13.74,0.27,2.69,0.22,3.52,3.46,0.71,100.00
TEA Party,2382,4.62,0.97,0.34,2.81,0.04,12.05,0.0,30.52,2.06,0.42,0.8,0.42,0.08,0.55,33.0,0.55,0.04,2.18,7.01,1.55,100.00
The Opportunities Party (TOP),41404,3.11,0.66,0.24,11.49,0.27,35.41,0.0,19.07,0.98,0.87,0.73,0.23,0.27,0.43,0.05,22.59,0.03,1.31,1.37,0.87,100.00
Vision New Zealand,2371,1.73,4.51,0.42,4.34,0.17,15.27,0.0,20.5,7.8,2.95,1.35,4.72,0.25,0.21,0.3,0.51,15.01,2.36,12.86,4.72,100.00
Informal Party Votes,18178,1.12,0.53,0.17,1.84,0.23,25.59,0.0,14.41,0.97,0.75,0.23,0.2,0.09,0.07,0.08,0.18,0.03,0.53,50.81,2.18,100.00
Total Party Votes and Percentages,2718434,3.59,0.77,0.15,5.59,0.31,46.53,0.0,35.46,1.73,1.11,0.26,0.22,0.1,0.09,0.1,0.93,0.04,0.33,1.89,0.8,100.00
